date,freight_usd_per_day,vessel_class,data_confidence
2019-01-06,11738.0,Capesize,synthetic_calibrated_to_public_rate_ranges
2019-01-13,11768.0,Capesize,synthetic_calibrated_to_public_rate_ranges
2019-01-20,10997.0,Capesize,synthetic_calibrated_to_public_rate_ranges
2019-01-27,11322.0,Capesize,synthetic_calibrated_to_public_rate_ranges
2019-02-03,11684.0,Capesize,synthetic_calibrated_to_public_rate_ranges
2019-02-10,10357.0,Capesize,synthetic_calibrated_to_public_rate_ranges
2019-02-17,9630.0,Capesize,synthetic_calibrated_to_public_rate_ranges
2019-02-24,9698.0,Capesize,synthetic_calibrated_to_public_rate_ranges
2019-03-03,9517.0,Capesize,synthetic_calibrated_to_public_rate_ranges
2019-03-10,9485.0,Capesize,synthetic_calibrated_to_public_rate_ranges
2019-03-17,9050.0,Capesize,synthetic_calibrated_to_public_rate_ranges
2019-03-24,9463.0,Capesize,synthetic_calibrated_to_public_rate_ranges
2019-03-31,9760.0,Capesize,synthetic_calibrated_to_public_rate_ranges
2019-04-07,9652.0,Capesize,synthetic_calibrated_to_public_rate_ranges
2019-04-14,10067.0,Capesize,synthetic_calibrated_to_public_rate_ranges
2019-04-21,10082.0,Capesize,synthetic_calibrated_to_public_rate_ranges
2019-04-28,9437.0,Capesize,synthetic_calibrated_to_public_rate_ranges
2019-05-05,9477.0,Capesize,synthetic_calibrated_to_public_rate_ranges
2019-05-12,8894.0,Capesize,synthetic_calibrated_to_public_rate_ranges
2019-05-19,9233.0,Capesize,synthetic_calibrated_to_public_rate_ranges
2019-05-26,9097.0,Capesize,synthetic_calibrated_to_public_rate_ranges
2019-06-02,8921.0,Capesize,synthetic_calibrated_to_public_rate_ranges
2019-06-09,8561.0,Capesize,synthetic_calibrated_to_public_rate_ranges
2019-06-16,9094.0,Capesize,synthetic_calibrated_to_public_rate_ranges
2019-06-23,8939.0,Capesize,synthetic_calibrated_to_public_rate_ranges
2019-06-30,8695.0,Capesize,synthetic_calibrated_to_public_rate_ranges
2019-07-07,8531.0,Capesize,synthetic_calibrated_to_public_rate_ranges
2019-07-14,8779.0,Capesize,synthetic_calibrated_to_public_rate_ranges
2019-07-21,8928.0,Capesize,synthetic_calibrated_to_public_rate_ranges
2019-07-28,9085.0,Capesize,synthetic_calibrated_to_public_rate_ranges
2019-08-04,9237.0,Capesize,synthetic_calibrated_to_public_rate_ranges
2019-08-11,10213.0,Capesize,synthetic_calibrated_to_public_rate_ranges
2019-08-18,9799.0,Capesize,synthetic_calibrated_to_public_rate_ranges
2019-08-25,9418.0,Capesize,synthetic_calibrated_to_public_rate_ranges
2019-09-01,8974.0,Capesize,synthetic_calibrated_to_public_rate_ranges
2019-09-08,9255.0,Capesize,synthetic_calibrated_to_public_rate_ranges
2019-09-15,9751.0,Capesize,synthetic_calibrated_to_public_rate_ranges
2019-09-22,9581.0,Capesize,synthetic_calibrated_to_public_rate_ranges
2019-09-29,9102.0,Capesize,synthetic_calibrated_to_public_rate_ranges
2019-10-06,8718.0,Capesize,synthetic_calibrated_to_public_rate_ranges
2019-10-13,9045.0,Capesize,synthetic_calibrated_to_public_rate_ranges
2019-10-20,9369.0,Capesize,synthetic_calibrated_to_public_rate_ranges
2019-10-27,9550.0,Capesize,synthetic_calibrated_to_public_rate_ranges
2019-11-03,9128.0,Capesize,synthetic_calibrated_to_public_rate_ranges
2019-11-10,9175.0,Capesize,synthetic_calibrated_to_public_rate_ranges
2019-11-17,9149.0,Capesize,synthetic_calibrated_to_public_rate_ranges
2019-11-24,9158.0,Capesize,synthetic_calibrated_to_public_rate_ranges
2019-12-01,9452.0,Capesize,synthetic_calibrated_to_public_rate_ranges
2019-12-08,9380.0,Capesize,synthetic_calibrated_to_public_rate_ranges
2019-12-15,9513.0,Capesize,synthetic_calibrated_to_public_rate_ranges
2019-12-22,9316.0,Capesize,synthetic_calibrated_to_public_rate_ranges
2019-12-29,9230.0,Capesize,synthetic_calibrated_to_public_rate_ranges
2020-01-05,9290.0,Capesize,synthetic_calibrated_to_public_rate_ranges
2020-01-12,8393.0,Capesize,synthetic_calibrated_to_public_rate_ranges
2020-01-19,8128.0,Capesize,synthetic_calibrated_to_public_rate_ranges
2020-01-26,7828.0,Capesize,synthetic_calibrated_to_public_rate_ranges
2020-02-02,7497.0,Capesize,synthetic_calibrated_to_public_rate_ranges
2020-02-09,7339.0,Capesize,synthetic_calibrated_to_public_rate_ranges
2020-02-16,7853.0,Capesize,synthetic_calibrated_to_public_rate_ranges
2020-02-23,7372.0,Capesize,synthetic_calibrated_to_public_rate_ranges
2020-03-01,7639.0,Capesize,synthetic_calibrated_to_public_rate_ranges
2020-03-08,6879.0,Capesize,synthetic_calibrated_to_public_rate_ranges
2020-03-15,6716.0,Capesize,synthetic_calibrated_to_public_rate_ranges
2020-03-22,6731.0,Capesize,synthetic_calibrated_to_public_rate_ranges
2020-03-29,6876.0,Capesize,synthetic_calibrated_to_public_rate_ranges
2020-04-05,7032.0,Capesize,synthetic_calibrated_to_public_rate_ranges
2020-04-12,7187.0,Capesize,synthetic_calibrated_to_public_rate_ranges
2020-04-19,6904.0,Capesize,synthetic_calibrated_to_public_rate_ranges
2020-04-26,6628.0,Capesize,synthetic_calibrated_to_public_rate_ranges
2020-05-03,6910.0,Capesize,synthetic_calibrated_to_public_rate_ranges
2020-05-10,6993.0,Capesize,synthetic_calibrated_to_public_rate_ranges
2020-05-17,6729.0,Capesize,synthetic_calibrated_to_public_rate_ranges
2020-05-24,6595.0,Capesize,synthetic_calibrated_to_public_rate_ranges
2020-05-31,6592.0,Capesize,synthetic_calibrated_to_public_rate_ranges
2020-06-07,7115.0,Capesize,synthetic_calibrated_to_public_rate_ranges
2020-06-14,7504.0,Capesize,synthetic_calibrated_to_public_rate_ranges
2020-06-21,8122.0,Capesize,synthetic_calibrated_to_public_rate_ranges
2020-06-28,8267.0,Capesize,synthetic_calibrated_to_public_rate_ranges
2020-07-05,8699.0,Capesize,synthetic_calibrated_to_public_rate_ranges
2020-07-12,9360.0,Capesize,synthetic_calibrated_to_public_rate_ranges
2020-07-19,9570.0,Capesize,synthetic_calibrated_to_public_rate_ranges
2020-07-26,10201.0,Capesize,synthetic_calibrated_to_public_rate_ranges
2020-08-02,10253.0,Capesize,synthetic_calibrated_to_public_rate_ranges
2020-08-09,10523.0,Capesize,synthetic_calibrated_to_public_rate_ranges
2020-08-16,10819.0,Capesize,synthetic_calibrated_to_public_rate_ranges
2020-08-23,10707.0,Capesize,synthetic_calibrated_to_public_rate_ranges
2020-08-30,11618.0,Capesize,synthetic_calibrated_to_public_rate_ranges
2020-09-06,11949.0,Capesize,synthetic_calibrated_to_public_rate_ranges
2020-09-13,12614.0,Capesize,synthetic_calibrated_to_public_rate_ranges
2020-09-20,13604.0,Capesize,synthetic_calibrated_to_public_rate_ranges
2020-09-27,14567.0,Capesize,synthetic_calibrated_to_public_rate_ranges
2020-10-04,15699.0,Capesize,synthetic_calibrated_to_public_rate_ranges
2020-10-11,16192.0,Capesize,synthetic_calibrated_to_public_rate_ranges
2020-10-18,16443.0,Capesize,synthetic_calibrated_to_public_rate_ranges
2020-10-25,17035.0,Capesize,synthetic_calibrated_to_public_rate_ranges
2020-11-01,16278.0,Capesize,synthetic_calibrated_to_public_rate_ranges
2020-11-08,15925.0,Capesize,synthetic_calibrated_to_public_rate_ranges
2020-11-15,15799.0,Capesize,synthetic_calibrated_to_public_rate_ranges
2020-11-22,16018.0,Capesize,synthetic_calibrated_to_public_rate_ranges
2020-11-29,17449.0,Capesize,synthetic_calibrated_to_public_rate_ranges
2020-12-06,17649.0,Capesize,synthetic_calibrated_to_public_rate_ranges
2020-12-13,18365.0,Capesize,synthetic_calibrated_to_public_rate_ranges
2020-12-20,20732.0,Capesize,synthetic_calibrated_to_public_rate_ranges
2020-12-27,21230.0,Capesize,synthetic_calibrated_to_public_rate_ranges
2021-01-03,22969.0,Capesize,synthetic_calibrated_to_public_rate_ranges
2021-01-10,22654.0,Capesize,synthetic_calibrated_to_public_rate_ranges
2021-01-17,23295.0,Capesize,synthetic_calibrated_to_public_rate_ranges
2021-01-24,23054.0,Capesize,synthetic_calibrated_to_public_rate_ranges
2021-01-31,23634.0,Capesize,synthetic_calibrated_to_public_rate_ranges
2021-02-07,25685.0,Capesize,synthetic_calibrated_to_public_rate_ranges
2021-02-14,24324.0,Capesize,synthetic_calibrated_to_public_rate_ranges
2021-02-21,25959.0,Capesize,synthetic_calibrated_to_public_rate_ranges
2021-02-28,27258.0,Capesize,synthetic_calibrated_to_public_rate_ranges
2021-03-07,27349.0,Capesize,synthetic_calibrated_to_public_rate_ranges
2021-03-14,26377.0,Capesize,synthetic_calibrated_to_public_rate_ranges
2021-03-21,27699.0,Capesize,synthetic_calibrated_to_public_rate_ranges
2021-03-28,28128.0,Capesize,synthetic_calibrated_to_public_rate_ranges
2021-04-04,29726.0,Capesize,synthetic_calibrated_to_public_rate_ranges
2021-04-11,30962.0,Capesize,synthetic_calibrated_to_public_rate_ranges
2021-04-18,34844.0,Capesize,synthetic_calibrated_to_public_rate_ranges
2021-04-25,35301.0,Capesize,synthetic_calibrated_to_public_rate_ranges
2021-05-02,34491.0,Capesize,synthetic_calibrated_to_public_rate_ranges
2021-05-09,36099.0,Capesize,synthetic_calibrated_to_public_rate_ranges
2021-05-16,37802.0,Capesize,synthetic_calibrated_to_public_rate_ranges
2021-05-23,41850.0,Capesize,synthetic_calibrated_to_public_rate_ranges
2021-05-30,44705.0,Capesize,synthetic_calibrated_to_public_rate_ranges
2021-06-06,46442.0,Capesize,synthetic_calibrated_to_public_rate_ranges
2021-06-13,51012.0,Capesize,synthetic_calibrated_to_public_rate_ranges
2021-06-20,48690.0,Capesize,synthetic_calibrated_to_public_rate_ranges
2021-06-27,48412.0,Capesize,synthetic_calibrated_to_public_rate_ranges
2021-07-04,47801.0,Capesize,synthetic_calibrated_to_public_rate_ranges
2021-07-11,48895.0,Capesize,synthetic_calibrated_to_public_rate_ranges
2021-07-18,47763.0,Capesize,synthetic_calibrated_to_public_rate_ranges
2021-07-25,52124.0,Capesize,synthetic_calibrated_to_public_rate_ranges
2021-08-01,54150.0,Capesize,synthetic_calibrated_to_public_rate_ranges
2021-08-08,52903.0,Capesize,synthetic_calibrated_to_public_rate_ranges
2021-08-15,53415.0,Capesize,synthetic_calibrated_to_public_rate_ranges
2021-08-22,57936.0,Capesize,synthetic_calibrated_to_public_rate_ranges
2021-08-29,64146.0,Capesize,synthetic_calibrated_to_public_rate_ranges
2021-09-05,74594.0,Capesize,synthetic_calibrated_to_public_rate_ranges
2021-09-12,89342.0,Capesize,synthetic_calibrated_to_public_rate_ranges
2021-09-19,92478.0,Capesize,synthetic_calibrated_to_public_rate_ranges
2021-09-26,89306.0,Capesize,synthetic_calibrated_to_public_rate_ranges
2021-10-03,82357.0,Capesize,synthetic_calibrated_to_public_rate_ranges
2021-10-10,87163.0,Capesize,synthetic_calibrated_to_public_rate_ranges
2021-10-17,85686.0,Capesize,synthetic_calibrated_to_public_rate_ranges
2021-10-24,82854.0,Capesize,synthetic_calibrated_to_public_rate_ranges
2021-10-31,79431.0,Capesize,synthetic_calibrated_to_public_rate_ranges
2021-11-07,78146.0,Capesize,synthetic_calibrated_to_public_rate_ranges
2021-11-14,81519.0,Capesize,synthetic_calibrated_to_public_rate_ranges
2021-11-21,80390.0,Capesize,synthetic_calibrated_to_public_rate_ranges
2021-11-28,77838.0,Capesize,synthetic_calibrated_to_public_rate_ranges
2021-12-05,72135.0,Capesize,synthetic_calibrated_to_public_rate_ranges
2021-12-12,65165.0,Capesize,synthetic_calibrated_to_public_rate_ranges
2021-12-19,63108.0,Capesize,synthetic_calibrated_to_public_rate_ranges
2021-12-26,62422.0,Capesize,synthetic_calibrated_to_public_rate_ranges
2022-01-02,67367.0,Capesize,synthetic_calibrated_to_public_rate_ranges
2022-01-09,65871.0,Capesize,synthetic_calibrated_to_public_rate_ranges
2022-01-16,67067.0,Capesize,synthetic_calibrated_to_public_rate_ranges
2022-01-23,62884.0,Capesize,synthetic_calibrated_to_public_rate_ranges
2022-01-30,57206.0,Capesize,synthetic_calibrated_to_public_rate_ranges
2022-02-06,53069.0,Capesize,synthetic_calibrated_to_public_rate_ranges
2022-02-13,50111.0,Capesize,synthetic_calibrated_to_public_rate_ranges
2022-02-20,54743.0,Capesize,synthetic_calibrated_to_public_rate_ranges
2022-02-27,50648.0,Capesize,synthetic_calibrated_to_public_rate_ranges
2022-03-06,51238.0,Capesize,synthetic_calibrated_to_public_rate_ranges
2022-03-13,47186.0,Capesize,synthetic_calibrated_to_public_rate_ranges
2022-03-20,47978.0,Capesize,synthetic_calibrated_to_public_rate_ranges
2022-03-27,47121.0,Capesize,synthetic_calibrated_to_public_rate_ranges
2022-04-03,44953.0,Capesize,synthetic_calibrated_to_public_rate_ranges
2022-04-10,43246.0,Capesize,synthetic_calibrated_to_public_rate_ranges
2022-04-17,40407.0,Capesize,synthetic_calibrated_to_public_rate_ranges
2022-04-24,40136.0,Capesize,synthetic_calibrated_to_public_rate_ranges
2022-05-01,38003.0,Capesize,synthetic_calibrated_to_public_rate_ranges
2022-05-08,34781.0,Capesize,synthetic_calibrated_to_public_rate_ranges
2022-05-15,32063.0,Capesize,synthetic_calibrated_to_public_rate_ranges
2022-05-22,32068.0,Capesize,synthetic_calibrated_to_public_rate_ranges
2022-05-29,34306.0,Capesize,synthetic_calibrated_to_public_rate_ranges
2022-06-05,33746.0,Capesize,synthetic_calibrated_to_public_rate_ranges
2022-06-12,32730.0,Capesize,synthetic_calibrated_to_public_rate_ranges
2022-06-19,32461.0,Capesize,synthetic_calibrated_to_public_rate_ranges
2022-06-26,33841.0,Capesize,synthetic_calibrated_to_public_rate_ranges
2022-07-03,33131.0,Capesize,synthetic_calibrated_to_public_rate_ranges
2022-07-10,31462.0,Capesize,synthetic_calibrated_to_public_rate_ranges
2022-07-17,32416.0,Capesize,synthetic_calibrated_to_public_rate_ranges
2022-07-24,32076.0,Capesize,synthetic_calibrated_to_public_rate_ranges
2022-07-31,33531.0,Capesize,synthetic_calibrated_to_public_rate_ranges
2022-08-07,32477.0,Capesize,synthetic_calibrated_to_public_rate_ranges
2022-08-14,29398.0,Capesize,synthetic_calibrated_to_public_rate_ranges
2022-08-21,26762.0,Capesize,synthetic_calibrated_to_public_rate_ranges
2022-08-28,28670.0,Capesize,synthetic_calibrated_to_public_rate_ranges
2022-09-04,30440.0,Capesize,synthetic_calibrated_to_public_rate_ranges
2022-09-11,29051.0,Capesize,synthetic_calibrated_to_public_rate_ranges
2022-09-18,27567.0,Capesize,synthetic_calibrated_to_public_rate_ranges
2022-09-25,28832.0,Capesize,synthetic_calibrated_to_public_rate_ranges
2022-10-02,26266.0,Capesize,synthetic_calibrated_to_public_rate_ranges
2022-10-09,24448.0,Capesize,synthetic_calibrated_to_public_rate_ranges
2022-10-16,24758.0,Capesize,synthetic_calibrated_to_public_rate_ranges
2022-10-23,23675.0,Capesize,synthetic_calibrated_to_public_rate_ranges
2022-10-30,23153.0,Capesize,synthetic_calibrated_to_public_rate_ranges
2022-11-06,22450.0,Capesize,synthetic_calibrated_to_public_rate_ranges
2022-11-13,22330.0,Capesize,synthetic_calibrated_to_public_rate_ranges
2022-11-20,23347.0,Capesize,synthetic_calibrated_to_public_rate_ranges
2022-11-27,22599.0,Capesize,synthetic_calibrated_to_public_rate_ranges
2022-12-04,22490.0,Capesize,synthetic_calibrated_to_public_rate_ranges
2022-12-11,19479.0,Capesize,synthetic_calibrated_to_public_rate_ranges
2022-12-18,18956.0,Capesize,synthetic_calibrated_to_public_rate_ranges
2022-12-25,17707.0,Capesize,synthetic_calibrated_to_public_rate_ranges
2023-01-01,16309.0,Capesize,synthetic_calibrated_to_public_rate_ranges
2023-01-08,15817.0,Capesize,synthetic_calibrated_to_public_rate_ranges
2023-01-15,15813.0,Capesize,synthetic_calibrated_to_public_rate_ranges
2023-01-22,16805.0,Capesize,synthetic_calibrated_to_public_rate_ranges
2023-01-29,15797.0,Capesize,synthetic_calibrated_to_public_rate_ranges
2023-02-05,16016.0,Capesize,synthetic_calibrated_to_public_rate_ranges
2023-02-12,15771.0,Capesize,synthetic_calibrated_to_public_rate_ranges
2023-02-19,15666.0,Capesize,synthetic_calibrated_to_public_rate_ranges
2023-02-26,16627.0,Capesize,synthetic_calibrated_to_public_rate_ranges
2023-03-05,17068.0,Capesize,synthetic_calibrated_to_public_rate_ranges
2023-03-12,18145.0,Capesize,synthetic_calibrated_to_public_rate_ranges
2023-03-19,17723.0,Capesize,synthetic_calibrated_to_public_rate_ranges
2023-03-26,16896.0,Capesize,synthetic_calibrated_to_public_rate_ranges
2023-04-02,16601.0,Capesize,synthetic_calibrated_to_public_rate_ranges
2023-04-09,16734.0,Capesize,synthetic_calibrated_to_public_rate_ranges
2023-04-16,16789.0,Capesize,synthetic_calibrated_to_public_rate_ranges
2023-04-23,15809.0,Capesize,synthetic_calibrated_to_public_rate_ranges
2023-04-30,15933.0,Capesize,synthetic_calibrated_to_public_rate_ranges
2023-05-07,16158.0,Capesize,synthetic_calibrated_to_public_rate_ranges
2023-05-14,18347.0,Capesize,synthetic_calibrated_to_public_rate_ranges
2023-05-21,19813.0,Capesize,synthetic_calibrated_to_public_rate_ranges
2023-05-28,18472.0,Capesize,synthetic_calibrated_to_public_rate_ranges
2023-06-04,17927.0,Capesize,synthetic_calibrated_to_public_rate_ranges
2023-06-11,16502.0,Capesize,synthetic_calibrated_to_public_rate_ranges
2023-06-18,16092.0,Capesize,synthetic_calibrated_to_public_rate_ranges
2023-06-25,16511.0,Capesize,synthetic_calibrated_to_public_rate_ranges
2023-07-02,17677.0,Capesize,synthetic_calibrated_to_public_rate_ranges
2023-07-09,17038.0,Capesize,synthetic_calibrated_to_public_rate_ranges
2023-07-16,16610.0,Capesize,synthetic_calibrated_to_public_rate_ranges
2023-07-23,15117.0,Capesize,synthetic_calibrated_to_public_rate_ranges
2023-07-30,15442.0,Capesize,synthetic_calibrated_to_public_rate_ranges
2023-08-06,15064.0,Capesize,synthetic_calibrated_to_public_rate_ranges
2023-08-13,15179.0,Capesize,synthetic_calibrated_to_public_rate_ranges
2023-08-20,15046.0,Capesize,synthetic_calibrated_to_public_rate_ranges
2023-08-27,15560.0,Capesize,synthetic_calibrated_to_public_rate_ranges
2023-09-03,14760.0,Capesize,synthetic_calibrated_to_public_rate_ranges
2023-09-10,14343.0,Capesize,synthetic_calibrated_to_public_rate_ranges
2023-09-17,16783.0,Capesize,synthetic_calibrated_to_public_rate_ranges
2023-09-24,16191.0,Capesize,synthetic_calibrated_to_public_rate_ranges
2023-10-01,15874.0,Capesize,synthetic_calibrated_to_public_rate_ranges
2023-10-08,18095.0,Capesize,synthetic_calibrated_to_public_rate_ranges
2023-10-15,21352.0,Capesize,synthetic_calibrated_to_public_rate_ranges
2023-10-22,20058.0,Capesize,synthetic_calibrated_to_public_rate_ranges
2023-10-29,19808.0,Capesize,synthetic_calibrated_to_public_rate_ranges
2023-11-05,20310.0,Capesize,synthetic_calibrated_to_public_rate_ranges
2023-11-12,22236.0,Capesize,synthetic_calibrated_to_public_rate_ranges
2023-11-19,20962.0,Capesize,synthetic_calibrated_to_public_rate_ranges
2023-11-26,20681.0,Capesize,synthetic_calibrated_to_public_rate_ranges
2023-12-03,21505.0,Capesize,synthetic_calibrated_to_public_rate_ranges
2023-12-10,21835.0,Capesize,synthetic_calibrated_to_public_rate_ranges
2023-12-17,21221.0,Capesize,synthetic_calibrated_to_public_rate_ranges
2023-12-24,20942.0,Capesize,synthetic_calibrated_to_public_rate_ranges
2023-12-31,19438.0,Capesize,synthetic_calibrated_to_public_rate_ranges
2024-01-07,19283.0,Capesize,synthetic_calibrated_to_public_rate_ranges
2024-01-14,19100.0,Capesize,synthetic_calibrated_to_public_rate_ranges
2024-01-21,19397.0,Capesize,synthetic_calibrated_to_public_rate_ranges
2024-01-28,18866.0,Capesize,synthetic_calibrated_to_public_rate_ranges
2024-02-04,19369.0,Capesize,synthetic_calibrated_to_public_rate_ranges
2024-02-11,20321.0,Capesize,synthetic_calibrated_to_public_rate_ranges
2024-02-18,20250.0,Capesize,synthetic_calibrated_to_public_rate_ranges
2024-02-25,20363.0,Capesize,synthetic_calibrated_to_public_rate_ranges
2024-03-03,20132.0,Capesize,synthetic_calibrated_to_public_rate_ranges
2024-03-10,19863.0,Capesize,synthetic_calibrated_to_public_rate_ranges
2024-03-17,18924.0,Capesize,synthetic_calibrated_to_public_rate_ranges
2024-03-24,19113.0,Capesize,synthetic_calibrated_to_public_rate_ranges
2024-03-31,18869.0,Capesize,synthetic_calibrated_to_public_rate_ranges
2024-04-07,20817.0,Capesize,synthetic_calibrated_to_public_rate_ranges
2024-04-14,22044.0,Capesize,synthetic_calibrated_to_public_rate_ranges
2024-04-21,21810.0,Capesize,synthetic_calibrated_to_public_rate_ranges
2024-04-28,20412.0,Capesize,synthetic_calibrated_to_public_rate_ranges
2024-05-05,18968.0,Capesize,synthetic_calibrated_to_public_rate_ranges
2024-05-12,20009.0,Capesize,synthetic_calibrated_to_public_rate_ranges
2024-05-19,20007.0,Capesize,synthetic_calibrated_to_public_rate_ranges
2024-05-26,20246.0,Capesize,synthetic_calibrated_to_public_rate_ranges
2024-06-02,18321.0,Capesize,synthetic_calibrated_to_public_rate_ranges
2024-06-09,19262.0,Capesize,synthetic_calibrated_to_public_rate_ranges
2024-06-16,19662.0,Capesize,synthetic_calibrated_to_public_rate_ranges
2024-06-23,18535.0,Capesize,synthetic_calibrated_to_public_rate_ranges
2024-06-30,18234.0,Capesize,synthetic_calibrated_to_public_rate_ranges
2024-07-07,18691.0,Capesize,synthetic_calibrated_to_public_rate_ranges
2024-07-14,18928.0,Capesize,synthetic_calibrated_to_public_rate_ranges
2024-07-21,18843.0,Capesize,synthetic_calibrated_to_public_rate_ranges
2024-07-28,18990.0,Capesize,synthetic_calibrated_to_public_rate_ranges
2024-08-04,19014.0,Capesize,synthetic_calibrated_to_public_rate_ranges
2024-08-11,19465.0,Capesize,synthetic_calibrated_to_public_rate_ranges
2024-08-18,21253.0,Capesize,synthetic_calibrated_to_public_rate_ranges
2024-08-25,18751.0,Capesize,synthetic_calibrated_to_public_rate_ranges
2024-09-01,18975.0,Capesize,synthetic_calibrated_to_public_rate_ranges
2024-09-08,19603.0,Capesize,synthetic_calibrated_to_public_rate_ranges
2024-09-15,20305.0,Capesize,synthetic_calibrated_to_public_rate_ranges
2024-09-22,20264.0,Capesize,synthetic_calibrated_to_public_rate_ranges
2024-09-29,18900.0,Capesize,synthetic_calibrated_to_public_rate_ranges
2024-10-06,19791.0,Capesize,synthetic_calibrated_to_public_rate_ranges
2024-10-13,22091.0,Capesize,synthetic_calibrated_to_public_rate_ranges
2024-10-20,20620.0,Capesize,synthetic_calibrated_to_public_rate_ranges
2024-10-27,21933.0,Capesize,synthetic_calibrated_to_public_rate_ranges
2024-11-03,21782.0,Capesize,synthetic_calibrated_to_public_rate_ranges
2024-11-10,21946.0,Capesize,synthetic_calibrated_to_public_rate_ranges
2024-11-17,21014.0,Capesize,synthetic_calibrated_to_public_rate_ranges
2024-11-24,20985.0,Capesize,synthetic_calibrated_to_public_rate_ranges
2024-12-01,22732.0,Capesize,synthetic_calibrated_to_public_rate_ranges
2024-12-08,23456.0,Capesize,synthetic_calibrated_to_public_rate_ranges
2024-12-15,25490.0,Capesize,synthetic_calibrated_to_public_rate_ranges
2024-12-22,26580.0,Capesize,synthetic_calibrated_to_public_rate_ranges
2024-12-29,26513.0,Capesize,synthetic_calibrated_to_public_rate_ranges
2025-01-05,28153.0,Capesize,synthetic_calibrated_to_public_rate_ranges
2025-01-12,27646.0,Capesize,synthetic_calibrated_to_public_rate_ranges
2025-01-19,27700.0,Capesize,synthetic_calibrated_to_public_rate_ranges
2025-01-26,26174.0,Capesize,synthetic_calibrated_to_public_rate_ranges
2025-02-02,25348.0,Capesize,synthetic_calibrated_to_public_rate_ranges
2025-02-09,23692.0,Capesize,synthetic_calibrated_to_public_rate_ranges
2025-02-16,24290.0,Capesize,synthetic_calibrated_to_public_rate_ranges
2025-02-23,22217.0,Capesize,synthetic_calibrated_to_public_rate_ranges
2025-03-02,22674.0,Capesize,synthetic_calibrated_to_public_rate_ranges
2025-03-09,21937.0,Capesize,synthetic_calibrated_to_public_rate_ranges
2025-03-16,22795.0,Capesize,synthetic_calibrated_to_public_rate_ranges
2025-03-23,23028.0,Capesize,synthetic_calibrated_to_public_rate_ranges
2025-03-30,24473.0,Capesize,synthetic_calibrated_to_public_rate_ranges
2025-04-06,24379.0,Capesize,synthetic_calibrated_to_public_rate_ranges
2025-04-13,21637.0,Capesize,synthetic_calibrated_to_public_rate_ranges
2025-04-20,21065.0,Capesize,synthetic_calibrated_to_public_rate_ranges
2025-04-27,19474.0,Capesize,synthetic_calibrated_to_public_rate_ranges
2025-05-04,18818.0,Capesize,synthetic_calibrated_to_public_rate_ranges
2025-05-11,20229.0,Capesize,synthetic_calibrated_to_public_rate_ranges
2025-05-18,20595.0,Capesize,synthetic_calibrated_to_public_rate_ranges
2025-05-25,19568.0,Capesize,synthetic_calibrated_to_public_rate_ranges
2025-06-01,18453.0,Capesize,synthetic_calibrated_to_public_rate_ranges
2025-06-08,18513.0,Capesize,synthetic_calibrated_to_public_rate_ranges
2025-06-15,17456.0,Capesize,synthetic_calibrated_to_public_rate_ranges
2025-06-22,17083.0,Capesize,synthetic_calibrated_to_public_rate_ranges
2025-06-29,17638.0,Capesize,synthetic_calibrated_to_public_rate_ranges
2025-07-06,18930.0,Capesize,synthetic_calibrated_to_public_rate_ranges
2025-07-13,19587.0,Capesize,synthetic_calibrated_to_public_rate_ranges
2025-07-20,17468.0,Capesize,synthetic_calibrated_to_public_rate_ranges
2025-07-27,18070.0,Capesize,synthetic_calibrated_to_public_rate_ranges
2025-08-03,18412.0,Capesize,synthetic_calibrated_to_public_rate_ranges
2025-08-10,19058.0,Capesize,synthetic_calibrated_to_public_rate_ranges
2025-08-17,20870.0,Capesize,synthetic_calibrated_to_public_rate_ranges
2025-08-24,18783.0,Capesize,synthetic_calibrated_to_public_rate_ranges
2025-08-31,18509.0,Capesize,synthetic_calibrated_to_public_rate_ranges
2025-09-07,19415.0,Capesize,synthetic_calibrated_to_public_rate_ranges
2025-09-14,18156.0,Capesize,synthetic_calibrated_to_public_rate_ranges
2025-09-21,20002.0,Capesize,synthetic_calibrated_to_public_rate_ranges
2025-09-28,20551.0,Capesize,synthetic_calibrated_to_public_rate_ranges
2025-10-05,21549.0,Capesize,synthetic_calibrated_to_public_rate_ranges
2025-10-12,20904.0,Capesize,synthetic_calibrated_to_public_rate_ranges
2025-10-19,21832.0,Capesize,synthetic_calibrated_to_public_rate_ranges
2025-10-26,22940.0,Capesize,synthetic_calibrated_to_public_rate_ranges
2025-11-02,22937.0,Capesize,synthetic_calibrated_to_public_rate_ranges
2025-11-09,22922.0,Capesize,synthetic_calibrated_to_public_rate_ranges
2025-11-16,22931.0,Capesize,synthetic_calibrated_to_public_rate_ranges
2025-11-23,21653.0,Capesize,synthetic_calibrated_to_public_rate_ranges
2025-11-30,21347.0,Capesize,synthetic_calibrated_to_public_rate_ranges
2025-12-07,21056.0,Capesize,synthetic_calibrated_to_public_rate_ranges
2025-12-14,21343.0,Capesize,synthetic_calibrated_to_public_rate_ranges
2025-12-21,22227.0,Capesize,synthetic_calibrated_to_public_rate_ranges
2025-12-28,20718.0,Capesize,synthetic_calibrated_to_public_rate_ranges
2026-01-04,20663.0,Capesize,synthetic_calibrated_to_public_rate_ranges
2026-01-11,22718.0,Capesize,synthetic_calibrated_to_public_rate_ranges
2026-01-18,22082.0,Capesize,synthetic_calibrated_to_public_rate_ranges
2026-01-25,21519.0,Capesize,synthetic_calibrated_to_public_rate_ranges
2026-02-01,22208.0,Capesize,synthetic_calibrated_to_public_rate_ranges
2026-02-08,23608.0,Capesize,synthetic_calibrated_to_public_rate_ranges
2026-02-15,23908.0,Capesize,synthetic_calibrated_to_public_rate_ranges
2026-02-22,25872.0,Capesize,synthetic_calibrated_to_public_rate_ranges
2026-03-01,27089.0,Capesize,synthetic_calibrated_to_public_rate_ranges
2026-03-08,28220.0,Capesize,synthetic_calibrated_to_public_rate_ranges
2026-03-15,28879.0,Capesize,synthetic_calibrated_to_public_rate_ranges
2026-03-22,32274.0,Capesize,synthetic_calibrated_to_public_rate_ranges
2026-03-29,31348.0,Capesize,synthetic_calibrated_to_public_rate_ranges
2026-04-05,28042.0,Capesize,synthetic_calibrated_to_public_rate_ranges
2026-04-12,30655.0,Capesize,synthetic_calibrated_to_public_rate_ranges
2026-04-19,29935.0,Capesize,synthetic_calibrated_to_public_rate_ranges
2026-04-26,30294.0,Capesize,synthetic_calibrated_to_public_rate_ranges
2026-05-03,32630.0,Capesize,synthetic_calibrated_to_public_rate_ranges
2026-05-10,30176.0,Capesize,synthetic_calibrated_to_public_rate_ranges
2026-05-17,28865.0,Capesize,synthetic_calibrated_to_public_rate_ranges
2026-05-24,27441.0,Capesize,synthetic_calibrated_to_public_rate_ranges
2026-05-31,27504.0,Capesize,synthetic_calibrated_to_public_rate_ranges
2026-06-07,29459.0,Capesize,synthetic_calibrated_to_public_rate_ranges
2026-06-14,31527.0,Capesize,synthetic_calibrated_to_public_rate_ranges
2026-06-21,33165.0,Capesize,synthetic_calibrated_to_public_rate_ranges
2026-06-28,31997.0,Capesize,synthetic_calibrated_to_public_rate_ranges
2026-07-05,29842.0,Capesize,synthetic_calibrated_to_public_rate_ranges
2026-07-12,31835.0,Capesize,synthetic_calibrated_to_public_rate_ranges
2026-07-19,32951.0,Capesize,synthetic_calibrated_to_public_rate_ranges
2026-07-26,35755.0,Capesize,synthetic_calibrated_to_public_rate_ranges
2026-08-02,39019.0,Capesize,synthetic_calibrated_to_public_rate_ranges
2026-08-09,41097.0,Capesize,synthetic_calibrated_to_public_rate_ranges
2026-08-16,44563.0,Capesize,synthetic_calibrated_to_public_rate_ranges
2026-08-23,46753.0,Capesize,synthetic_calibrated_to_public_rate_ranges
2026-08-30,49716.0,Capesize,synthetic_calibrated_to_public_rate_ranges
2026-09-06,49518.0,Capesize,synthetic_calibrated_to_public_rate_ranges
2026-09-13,50935.0,Capesize,synthetic_calibrated_to_public_rate_ranges
2026-09-20,53441.0,Capesize,synthetic_calibrated_to_public_rate_ranges
