date,portcalls_dry_bulk,export_dry_bulk,month
2019-01-01,0,0,1
2019-01-02,1,0,1
2019-01-03,2,114658,1
2019-01-04,0,0,1
2019-01-05,1,27941,1
2019-01-06,0,0,1
2019-01-07,1,13617,1
2019-01-08,1,39557,1
2019-01-09,0,0,1
2019-01-10,0,0,1
2019-01-11,1,141014,1
2019-01-12,2,106180,1
2019-01-13,1,48562,1
2019-01-14,0,0,1
2019-01-15,2,73660,1
2019-01-16,1,33036,1
2019-01-17,2,119105,1
2019-01-18,1,30482,1
2019-01-19,3,110096,1
2019-01-20,1,40014,1
2019-01-21,0,0,1
2019-01-22,1,0,1
2019-01-23,2,64881,1
2019-01-24,0,0,1
2019-01-25,0,0,1
2019-01-26,1,89454,1
2019-01-27,2,81849,1
2019-01-28,1,0,1
2019-01-29,2,43102,1
2019-01-30,0,0,1
2019-01-31,0,0,1
2019-02-01,0,0,2
2019-02-02,0,0,2
2019-02-03,0,0,2
2019-02-04,1,34680,2
2019-02-05,2,82234,2
2019-02-06,2,30691,2
2019-02-07,0,0,2
2019-02-08,2,110934,2
2019-02-09,3,67452,2
2019-02-10,0,0,2
2019-02-11,0,0,2
2019-02-12,1,0,2
2019-02-13,1,77821,2
2019-02-14,0,0,2
2019-02-15,3,153952,2
2019-02-16,1,34115,2
2019-02-17,0,0,2
2019-02-18,0,0,2
2019-02-19,0,0,2
2019-02-20,1,40014,2
2019-02-21,1,41846,2
2019-02-22,1,49263,2
2019-02-23,0,0,2
2019-02-24,1,140084,2
2019-02-25,0,0,2
2019-02-26,0,0,2
2019-02-27,1,27216,2
2019-02-28,2,12020,2
2019-03-01,1,22986,3
2019-03-02,1,22045,3
2019-03-03,1,78307,3
2019-03-04,1,57334,3
2019-03-05,2,84128,3
2019-03-06,1,23164,3
2019-03-07,3,71089,3
2019-03-08,1,33923,3
2019-03-09,1,85432,3
2019-03-10,1,0,3
2019-03-11,2,86401,3
2019-03-12,0,0,3
2019-03-13,1,26219,3
2019-03-14,2,40014,3
2019-03-15,2,29282,3
2019-03-16,1,45834,3
2019-03-17,1,32599,3
2019-03-18,1,0,3
2019-03-19,2,40014,3
2019-03-20,1,0,3
2019-03-21,3,128500,3
2019-03-22,1,46958,3
2019-03-23,0,0,3
2019-03-24,0,0,3
2019-03-25,0,0,3
2019-03-26,0,0,3
2019-03-27,0,0,3
2019-03-28,1,20134,3
2019-03-29,1,50771,3
2019-03-30,2,109431,3
2019-03-31,1,78277,3
2019-04-01,2,40014,4
2019-04-02,1,133944,4
2019-04-03,1,66639,4
2019-04-04,1,33079,4
2019-04-05,1,53363,4
2019-04-06,1,82978,4
2019-04-07,0,0,4
2019-04-08,1,53851,4
2019-04-09,0,0,4
2019-04-10,0,0,4
2019-04-11,2,75915,4
2019-04-12,1,134165,4
2019-04-13,0,0,4
2019-04-14,1,67277,4
2019-04-15,1,2211,4
2019-04-16,2,92724,4
2019-04-17,1,50607,4
2019-04-18,1,78928,4
2019-04-19,1,29794,4
2019-04-20,0,0,4
2019-04-21,0,0,4
2019-04-22,2,56895,4
2019-04-23,0,0,4
2019-04-24,0,0,4
2019-04-25,0,0,4
2019-04-26,1,20936,4
2019-04-27,0,0,4
2019-04-28,3,138417,4
2019-04-29,0,0,4
2019-04-30,1,66447,4
2019-05-01,1,70277,5
2019-05-02,1,81641,5
2019-05-03,3,127885,5
2019-05-04,0,0,5
2019-05-05,0,0,5
2019-05-06,1,40014,5
2019-05-07,0,0,5
2019-05-08,3,81443,5
2019-05-09,1,32525,5
2019-05-10,2,128481,5
2019-05-11,0,0,5
2019-05-12,0,0,5
2019-05-13,0,0,5
2019-05-14,0,0,5
2019-05-15,0,0,5
2019-05-16,2,95892,5
2019-05-17,2,167675,5
2019-05-18,1,78277,5
2019-05-19,1,66312,5
2019-05-20,0,0,5
2019-05-21,3,48244,5
2019-05-22,1,35060,5
2019-05-23,1,63171,5
2019-05-24,2,138478,5
2019-05-25,0,0,5
2019-05-26,1,39733,5
2019-05-27,0,0,5
2019-05-28,1,0,5
2019-05-29,0,0,5
2019-05-30,1,9622,5
2019-05-31,1,58877,5
2019-06-01,2,80029,6
2019-06-02,0,0,6
2019-06-03,1,85739,6
2019-06-04,1,58053,6
2019-06-05,1,40014,6
2019-06-06,0,0,6
2019-06-07,2,98143,6
2019-06-08,3,59439,6
2019-06-09,1,66771,6
2019-06-10,0,0,6
2019-06-11,2,114929,6
2019-06-12,1,0,6
2019-06-13,0,0,6
2019-06-14,1,51553,6
2019-06-15,0,0,6
2019-06-16,3,74205,6
2019-06-17,1,8278,6
2019-06-18,1,15051,6
2019-06-19,2,0,6
2019-06-20,0,0,6
2019-06-21,2,125225,6
2019-06-22,2,14553,6
2019-06-23,1,76193,6
2019-06-24,1,49452,6
2019-06-25,0,0,6
2019-06-26,1,33551,6
2019-06-27,2,60538,6
2019-06-28,0,0,6
2019-06-29,0,0,6
2019-06-30,1,61146,6
2019-07-01,2,159793,7
2019-07-02,0,0,7
2019-07-03,1,63432,7
2019-07-04,0,0,7
2019-07-05,1,79248,7
2019-07-06,1,0,7
2019-07-07,0,0,7
2019-07-08,0,0,7
2019-07-09,0,0,7
2019-07-10,0,0,7
2019-07-11,0,0,7
2019-07-12,2,91886,7
2019-07-13,1,58726,7
2019-07-14,2,69750,7
2019-07-15,0,0,7
2019-07-16,2,211824,7
2019-07-17,0,0,7
2019-07-18,0,0,7
2019-07-19,0,0,7
2019-07-20,0,0,7
2019-07-21,1,0,7
2019-07-22,3,100881,7
2019-07-23,2,103268,7
2019-07-24,0,0,7
2019-07-25,1,58854,7
2019-07-26,1,72939,7
2019-07-27,2,32246,7
2019-07-28,1,40014,7
2019-07-29,0,0,7
2019-07-30,2,76011,7
2019-07-31,0,0,7
2019-08-01,0,0,8
2019-08-02,1,14422,8
2019-08-03,0,0,8
2019-08-04,3,100728,8
2019-08-05,1,26314,8
2019-08-06,1,0,8
2019-08-07,0,0,8
2019-08-08,1,40014,8
2019-08-09,0,0,8
2019-08-10,0,0,8
2019-08-11,2,118213,8
2019-08-12,1,40014,8
2019-08-13,2,63982,8
2019-08-14,1,0,8
2019-08-15,0,0,8
2019-08-16,1,112029,8
2019-08-17,0,0,8
2019-08-18,2,55626,8
2019-08-19,0,0,8
2019-08-20,1,52674,8
2019-08-21,1,0,8
2019-08-22,1,28689,8
2019-08-23,2,32585,8
2019-08-24,0,0,8
2019-08-25,1,61359,8
2019-08-26,1,1368,8
2019-08-27,2,141863,8
2019-08-28,1,22094,8
2019-08-29,1,31210,8
2019-08-30,1,43095,8
2019-08-31,1,54229,8
2019-09-01,2,80029,9
2019-09-02,1,4787,9
2019-09-03,1,0,9
2019-09-04,2,96446,9
2019-09-05,0,0,9
2019-09-06,0,0,9
2019-09-07,1,0,9
2019-09-08,1,14200,9
2019-09-09,1,29817,9
2019-09-10,2,135782,9
2019-09-11,0,0,9
2019-09-12,2,95337,9
2019-09-13,1,40014,9
2019-09-14,0,0,9
2019-09-15,2,68374,9
2019-09-16,1,59263,9
2019-09-17,0,0,9
2019-09-18,1,58798,9
2019-09-19,0,0,9
2019-09-20,1,0,9
2019-09-21,1,47310,9
2019-09-22,2,68827,9
2019-09-23,3,22673,9
2019-09-24,0,0,9
2019-09-25,1,50957,9
2019-09-26,0,0,9
2019-09-27,1,40014,9
2019-09-28,1,78857,9
2019-09-29,1,32212,9
2019-09-30,0,0,9
2019-10-01,0,0,10
2019-10-02,0,0,10
2019-10-03,1,0,10
2019-10-04,1,78668,10
2019-10-05,1,48165,10
2019-10-06,2,50403,10
2019-10-07,0,0,10
2019-10-08,1,21506,10
2019-10-09,1,40116,10
2019-10-10,0,0,10
2019-10-11,2,40176,10
2019-10-12,3,40014,10
2019-10-13,1,31577,10
2019-10-14,0,0,10
2019-10-15,0,0,10
2019-10-16,0,0,10
2019-10-17,1,27241,10
2019-10-18,1,5916,10
2019-10-19,2,49786,10
2019-10-20,1,71981,10
2019-10-21,2,55377,10
2019-10-22,1,76484,10
2019-10-23,1,0,10
2019-10-24,1,46229,10
2019-10-25,1,72161,10
2019-10-26,1,132400,10
2019-10-27,0,0,10
2019-10-28,2,0,10
2019-10-29,1,32563,10
2019-10-30,1,49866,10
2019-10-31,1,50862,10
2019-11-01,2,50879,11
2019-11-02,1,91061,11
2019-11-03,0,0,11
2019-11-04,1,40014,11
2019-11-05,1,64305,11
2019-11-06,2,55332,11
2019-11-07,0,0,11
2019-11-08,1,35057,11
2019-11-09,3,127820,11
2019-11-10,1,36416,11
2019-11-11,0,0,11
2019-11-12,1,0,11
2019-11-13,0,0,11
2019-11-14,2,38743,11
2019-11-15,1,11355,11
2019-11-16,2,122115,11
2019-11-17,0,0,11
2019-11-18,0,0,11
2019-11-19,1,33972,11
2019-11-20,1,40014,11
2019-11-21,1,82717,11
2019-11-22,1,6008,11
2019-11-23,0,0,11
2019-11-24,0,0,11
2019-11-25,2,121542,11
2019-11-26,1,23162,11
2019-11-27,1,0,11
2019-11-28,0,0,11
2019-11-29,1,34367,11
2019-11-30,1,13929,11
2019-12-01,1,89202,12
2019-12-02,2,40014,12
2019-12-03,2,50689,12
2019-12-04,0,0,12
2019-12-05,3,174650,12
2019-12-06,1,29981,12
2019-12-07,2,33996,12
2019-12-08,0,0,12
2019-12-09,2,77715,12
2019-12-10,0,0,12
2019-12-11,0,0,12
2019-12-12,2,80882,12
2019-12-13,1,0,12
2019-12-14,0,0,12
2019-12-15,1,40014,12
2019-12-16,0,0,12
2019-12-17,2,80029,12
2019-12-18,0,0,12
2019-12-19,0,0,12
2019-12-20,0,0,12
2019-12-21,1,33422,12
2019-12-22,1,37366,12
2019-12-23,1,0,12
2019-12-24,0,0,12
2019-12-25,0,0,12
2019-12-26,1,33111,12
2019-12-27,1,70297,12
2019-12-28,0,0,12
2019-12-29,3,50999,12
2019-12-30,0,0,12
2019-12-31,0,0,12
2020-01-01,1,16421,1
2020-01-02,0,0,1
2020-01-03,0,0,1
2020-01-04,2,111884,1
2020-01-05,0,0,1
2020-01-06,1,38744,1
2020-01-07,1,71755,1
2020-01-08,0,0,1
2020-01-09,1,14954,1
2020-01-10,2,83313,1
2020-01-11,0,0,1
2020-01-12,0,0,1
2020-01-13,2,154724,1
2020-01-14,1,0,1
2020-01-15,0,0,1
2020-01-16,1,40014,1
2020-01-17,1,78945,1
2020-01-18,0,0,1
2020-01-19,2,107090,1
2020-01-20,1,0,1
2020-01-21,1,78907,1
2020-01-22,1,55426,1
2020-01-23,0,0,1
2020-01-24,2,102048,1
2020-01-25,0,0,1
2020-01-26,1,40079,1
2020-01-27,2,76449,1
2020-01-28,0,0,1
2020-01-29,1,72132,1
2020-01-30,0,0,1
2020-01-31,1,78979,1
2020-02-01,0,0,2
2020-02-02,1,40014,2
2020-02-03,1,27278,2
2020-02-04,1,77717,2
2020-02-05,1,79645,2
2020-02-06,2,37112,2
2020-02-07,0,0,2
2020-02-08,0,0,2
2020-02-09,0,0,2
2020-02-10,1,33025,2
2020-02-11,2,94291,2
2020-02-12,1,134731,2
2020-02-13,0,0,2
2020-02-14,1,12753,2
2020-02-15,0,0,2
2020-02-16,3,90033,2
2020-02-17,1,46506,2
2020-02-18,0,0,2
2020-02-19,1,16349,2
2020-02-20,2,100042,2
2020-02-21,0,0,2
2020-02-22,0,0,2
2020-02-23,2,96338,2
2020-02-24,2,53619,2
2020-02-25,0,0,2
2020-02-26,1,53421,2
2020-02-27,1,25406,2
2020-02-28,1,40014,2
2020-02-29,1,72428,2
2020-03-01,2,0,3
2020-03-02,1,40014,3
2020-03-03,2,48566,3
2020-03-04,1,131017,3
2020-03-05,1,33245,3
2020-03-06,0,0,3
2020-03-07,1,0,3
2020-03-08,0,0,3
2020-03-09,2,93436,3
2020-03-10,1,55918,3
2020-03-11,0,0,3
2020-03-12,0,0,3
2020-03-13,2,130885,3
2020-03-14,0,0,3
2020-03-15,0,0,3
2020-03-16,3,114696,3
2020-03-17,2,135188,3
2020-03-18,0,0,3
2020-03-19,0,0,3
2020-03-20,1,88606,3
2020-03-21,0,0,3
2020-03-22,2,82798,3
2020-03-23,0,0,3
2020-03-24,3,55399,3
2020-03-25,1,79288,3
2020-03-26,0,0,3
2020-03-27,0,0,3
2020-03-28,3,140220,3
2020-03-29,2,58969,3
2020-03-30,1,51893,3
2020-03-31,0,0,3
2020-04-01,0,0,4
2020-04-02,0,0,4
2020-04-03,1,0,4
2020-04-04,1,0,4
2020-04-05,0,0,4
2020-04-06,0,0,4
2020-04-07,1,40014,4
2020-04-08,2,86587,4
2020-04-09,0,0,4
2020-04-10,1,5730,4
2020-04-11,0,0,4
2020-04-12,1,33545,4
2020-04-13,1,78783,4
2020-04-14,1,19044,4
2020-04-15,1,0,4
2020-04-16,1,77525,4
2020-04-17,0,0,4
2020-04-18,1,13655,4
2020-04-19,1,0,4
2020-04-20,0,0,4
2020-04-21,2,128555,4
2020-04-22,0,0,4
2020-04-23,1,0,4
2020-04-24,2,0,4
2020-04-25,0,0,4
2020-04-26,2,93444,4
2020-04-27,1,0,4
2020-04-28,1,51660,4
2020-04-29,1,0,4
2020-04-30,0,0,4
2020-05-01,0,0,5
2020-05-02,1,3449,5
2020-05-03,1,89573,5
2020-05-04,0,0,5
2020-05-05,1,33933,5
2020-05-06,1,0,5
2020-05-07,2,109153,5
2020-05-08,1,33120,5
2020-05-09,1,50485,5
2020-05-10,1,73550,5
2020-05-11,0,0,5
2020-05-12,1,76443,5
2020-05-13,0,0,5
2020-05-14,2,32067,5
2020-05-15,0,0,5
2020-05-16,0,0,5
2020-05-17,1,70197,5
2020-05-18,1,58038,5
2020-05-19,2,40014,5
2020-05-20,1,36012,5
2020-05-21,0,0,5
2020-05-22,0,0,5
2020-05-23,1,27368,5
2020-05-24,1,33542,5
2020-05-25,0,0,5
2020-05-26,1,35775,5
2020-05-27,1,55816,5
2020-05-28,2,72962,5
2020-05-29,0,0,5
2020-05-30,0,0,5
2020-05-31,1,78350,5
2020-06-01,0,0,6
2020-06-02,1,0,6
2020-06-03,0,0,6
2020-06-04,2,0,6
2020-06-05,0,0,6
2020-06-06,1,68292,6
2020-06-07,1,0,6
2020-06-08,1,14281,6
2020-06-09,1,135177,6
2020-06-10,1,16801,6
2020-06-11,1,11993,6
2020-06-12,2,40014,6
2020-06-13,0,0,6
2020-06-14,0,0,6
2020-06-15,1,34712,6
2020-06-16,0,0,6
2020-06-17,0,0,6
2020-06-18,0,0,6
2020-06-19,1,40014,6
2020-06-20,1,22684,6
2020-06-21,0,0,6
2020-06-22,0,0,6
2020-06-23,0,0,6
2020-06-24,2,78009,6
2020-06-25,2,80343,6
2020-06-26,1,2340,6
2020-06-27,3,59661,6
2020-06-28,1,53527,6
2020-06-29,1,45007,6
2020-06-30,2,125549,6
2020-07-01,0,0,7
2020-07-02,1,50762,7
2020-07-03,3,98523,7
2020-07-04,0,0,7
2020-07-05,0,0,7
2020-07-06,0,0,7
2020-07-07,1,77081,7
2020-07-08,1,63147,7
2020-07-09,0,0,7
2020-07-10,0,0,7
2020-07-11,1,20464,7
2020-07-12,0,0,7
2020-07-13,1,23505,7
2020-07-14,2,74164,7
2020-07-15,0,0,7
2020-07-16,2,12652,7
2020-07-17,1,58992,7
2020-07-18,1,11003,7
2020-07-19,0,0,7
2020-07-20,1,49569,7
2020-07-21,0,0,7
2020-07-22,0,0,7
2020-07-23,1,40014,7
2020-07-24,2,69985,7
2020-07-25,0,0,7
2020-07-26,1,79291,7
2020-07-27,0,0,7
2020-07-28,1,40014,7
2020-07-29,1,51590,7
2020-07-30,0,0,7
2020-07-31,2,61702,7
2020-08-01,0,0,8
2020-08-02,2,50568,8
2020-08-03,2,113098,8
2020-08-04,0,0,8
2020-08-05,0,0,8
2020-08-06,2,11041,8
2020-08-07,1,53016,8
2020-08-08,0,0,8
2020-08-09,1,6920,8
2020-08-10,0,0,8
2020-08-11,1,0,8
2020-08-12,1,72544,8
2020-08-13,0,0,8
2020-08-14,3,90391,8
2020-08-15,0,0,8
2020-08-16,0,0,8
2020-08-17,0,0,8
2020-08-18,0,0,8
2020-08-19,1,70856,8
2020-08-20,0,0,8
2020-08-21,0,0,8
2020-08-22,0,0,8
2020-08-23,1,78777,8
2020-08-24,0,0,8
2020-08-25,0,0,8
2020-08-26,1,74252,8
2020-08-27,0,0,8
2020-08-28,1,20200,8
2020-08-29,1,0,8
2020-08-30,2,22397,8
2020-08-31,1,7594,8
2020-09-01,2,23641,9
2020-09-02,0,0,9
2020-09-03,0,0,9
2020-09-04,0,0,9
2020-09-05,1,40014,9
2020-09-06,1,72534,9
2020-09-07,0,0,9
2020-09-08,1,54493,9
2020-09-09,1,77507,9
2020-09-10,0,0,9
2020-09-11,0,0,9
2020-09-12,0,0,9
2020-09-13,1,0,9
2020-09-14,0,0,9
2020-09-15,1,50822,9
2020-09-16,1,6561,9
2020-09-17,0,0,9
2020-09-18,5,129975,9
2020-09-19,2,58056,9
2020-09-20,1,77656,9
2020-09-21,1,40014,9
2020-09-22,0,0,9
2020-09-23,0,0,9
2020-09-24,2,89504,9
2020-09-25,0,0,9
2020-09-26,1,26784,9
2020-09-27,1,78536,9
2020-09-28,0,0,9
2020-09-29,2,23226,9
2020-09-30,0,0,9
2020-10-01,1,15599,10
2020-10-02,1,40014,10
2020-10-03,2,77900,10
2020-10-04,1,20866,10
2020-10-05,0,0,10
2020-10-06,1,0,10
2020-10-07,2,25864,10
2020-10-08,2,48327,10
2020-10-09,0,0,10
2020-10-10,0,0,10
2020-10-11,1,78789,10
2020-10-12,1,72544,10
2020-10-13,2,50568,10
2020-10-14,1,0,10
2020-10-15,0,0,10
2020-10-16,1,31657,10
2020-10-17,1,0,10
2020-10-18,1,12817,10
2020-10-19,1,59044,10
2020-10-20,0,0,10
2020-10-21,0,0,10
2020-10-22,1,21534,10
2020-10-23,1,78703,10
2020-10-24,1,30623,10
2020-10-25,1,0,10
2020-10-26,2,57570,10
2020-10-27,3,37544,10
2020-10-28,2,73125,10
2020-10-29,0,0,10
2020-10-30,1,23705,10
2020-10-31,0,0,10
2020-11-01,0,0,11
2020-11-02,0,0,11
2020-11-03,2,73200,11
2020-11-04,1,9992,11
2020-11-05,2,26153,11
2020-11-06,2,48006,11
2020-11-07,0,0,11
2020-11-08,2,74440,11
2020-11-09,1,19467,11
2020-11-10,1,0,11
2020-11-11,1,78854,11
2020-11-12,1,49332,11
2020-11-13,0,0,11
2020-11-14,2,40388,11
2020-11-15,1,34115,11
2020-11-16,1,41707,11
2020-11-17,2,78698,11
2020-11-18,2,63046,11
2020-11-19,0,0,11
2020-11-20,1,40014,11
2020-11-21,1,31252,11
2020-11-22,1,16882,11
2020-11-23,2,16775,11
2020-11-24,2,53014,11
2020-11-25,1,13666,11
2020-11-26,0,0,11
2020-11-27,2,89388,11
2020-11-28,1,0,11
2020-11-29,3,0,11
2020-11-30,1,32735,11
2020-12-01,1,77934,12
2020-12-02,2,28628,12
2020-12-03,1,17704,12
2020-12-04,1,78170,12
2020-12-05,1,52608,12
2020-12-06,0,0,12
2020-12-07,1,26588,12
2020-12-08,2,76818,12
2020-12-09,1,11637,12
2020-12-10,2,127567,12
2020-12-11,1,2071,12
2020-12-12,2,109330,12
2020-12-13,0,0,12
2020-12-14,0,0,12
2020-12-15,0,0,12
2020-12-16,1,51457,12
2020-12-17,1,14476,12
2020-12-18,1,0,12
2020-12-19,0,0,12
2020-12-20,3,75074,12
2020-12-21,1,64140,12
2020-12-22,0,0,12
2020-12-23,1,17645,12
2020-12-24,1,2736,12
2020-12-25,0,0,12
2020-12-26,1,22911,12
2020-12-27,0,0,12
2020-12-28,1,47845,12
2020-12-29,1,0,12
2020-12-30,1,59882,12
2020-12-31,1,50835,12
2021-01-01,0,0,1
2021-01-02,0,0,1
2021-01-03,0,0,1
2021-01-04,0,0,1
2021-01-05,1,12284,1
2021-01-06,2,110202,1
2021-01-07,1,50633,1
2021-01-08,2,95542,1
2021-01-09,1,0,1
2021-01-10,1,0,1
2021-01-11,0,0,1
2021-01-12,1,88533,1
2021-01-13,2,88495,1
2021-01-14,1,78179,1
2021-01-15,2,103422,1
2021-01-16,0,0,1
2021-01-17,1,59777,1
2021-01-18,0,0,1
2021-01-19,2,48680,1
2021-01-20,1,24532,1
2021-01-21,1,138586,1
2021-01-22,1,2218,1
2021-01-23,2,84286,1
2021-01-24,0,0,1
2021-01-25,0,0,1
2021-01-26,2,77622,1
2021-01-27,1,53256,1
2021-01-28,1,45892,1
2021-01-29,0,0,1
2021-01-30,1,45204,1
2021-01-31,2,55847,1
2021-02-01,0,0,2
2021-02-02,1,16357,2
2021-02-03,1,20004,2
2021-02-04,0,0,2
2021-02-05,1,40014,2
2021-02-06,1,23580,2
2021-02-07,1,7571,2
2021-02-08,1,0,2
2021-02-09,1,28623,2
2021-02-10,1,58414,2
2021-02-11,1,0,2
2021-02-12,1,81518,2
2021-02-13,0,0,2
2021-02-14,2,59048,2
2021-02-15,2,68072,2
2021-02-16,0,0,2
2021-02-17,1,20829,2
2021-02-18,0,0,2
2021-02-19,2,136789,2
2021-02-20,1,11548,2
2021-02-21,1,34838,2
2021-02-22,1,0,2
2021-02-23,1,28571,2
2021-02-24,0,0,2
2021-02-25,1,23801,2
2021-02-26,0,0,2
2021-02-27,1,33903,2
2021-02-28,1,17821,2
2021-03-01,0,0,3
2021-03-02,1,50706,3
2021-03-03,0,0,3
2021-03-04,1,34701,3
2021-03-05,1,34234,3
2021-03-06,1,42139,3
2021-03-07,0,0,3
2021-03-08,0,0,3
2021-03-09,1,82242,3
2021-03-10,1,78664,3
2021-03-11,1,13889,3
2021-03-12,0,0,3
2021-03-13,2,120256,3
2021-03-14,0,0,3
2021-03-15,0,0,3
2021-03-16,1,152861,3
2021-03-17,0,0,3
2021-03-18,1,49413,3
2021-03-19,0,0,3
2021-03-20,1,40014,3
2021-03-21,0,0,3
2021-03-22,2,18608,3
2021-03-23,0,0,3
2021-03-24,1,78686,3
2021-03-25,0,0,3
2021-03-26,0,0,3
2021-03-27,2,104511,3
2021-03-28,1,3397,3
2021-03-29,1,91335,3
2021-03-30,0,0,3
2021-03-31,2,91479,3
2021-04-01,1,40014,4
2021-04-02,2,29426,4
2021-04-03,1,0,4
2021-04-04,1,13757,4
2021-04-05,2,5650,4
2021-04-06,1,40014,4
2021-04-07,1,30144,4
2021-04-08,0,0,4
2021-04-09,2,40014,4
2021-04-10,1,68743,4
2021-04-11,0,0,4
2021-04-12,2,69483,4
2021-04-13,0,0,4
2021-04-14,0,0,4
2021-04-15,0,0,4
2021-04-16,0,0,4
2021-04-17,1,60859,4
2021-04-18,1,77832,4
2021-04-19,2,0,4
2021-04-20,1,28990,4
2021-04-21,1,49795,4
2021-04-22,1,138951,4
2021-04-23,0,0,4
2021-04-24,0,0,4
2021-04-25,1,139037,4
2021-04-26,0,0,4
2021-04-27,1,2190,4
2021-04-28,1,51446,4
2021-04-29,0,0,4
2021-04-30,1,10253,4
2021-05-01,2,84499,5
2021-05-02,1,72985,5
2021-05-03,0,0,5
2021-05-04,0,0,5
2021-05-05,1,11599,5
2021-05-06,2,91854,5
2021-05-07,0,0,5
2021-05-08,0,0,5
2021-05-09,0,0,5
2021-05-10,1,58982,5
2021-05-11,1,31584,5
2021-05-12,0,0,5
2021-05-13,1,78940,5
2021-05-14,0,0,5
2021-05-15,1,11102,5
2021-05-16,1,58569,5
2021-05-17,2,24520,5
2021-05-18,1,0,5
2021-05-19,3,129308,5
2021-05-20,0,0,5
2021-05-21,0,0,5
2021-05-22,1,0,5
2021-05-23,0,0,5
2021-05-24,0,0,5
2021-05-25,1,137902,5
2021-05-26,0,0,5
2021-05-27,1,22213,5
2021-05-28,1,38245,5
2021-05-29,0,0,5
2021-05-30,0,0,5
2021-05-31,2,113606,5
2021-06-01,2,73192,6
2021-06-02,0,0,6
2021-06-03,3,192244,6
2021-06-04,2,0,6
2021-06-05,0,0,6
2021-06-06,2,78583,6
2021-06-07,1,22632,6
2021-06-08,1,13858,6
2021-06-09,1,37021,6
2021-06-10,1,11220,6
2021-06-11,2,23715,6
2021-06-12,1,54139,6
2021-06-13,0,0,6
2021-06-14,1,47455,6
2021-06-15,1,74869,6
2021-06-16,0,0,6
2021-06-17,0,0,6
2021-06-18,0,0,6
2021-06-19,1,27816,6
2021-06-20,1,19000,6
2021-06-21,1,0,6
2021-06-22,2,86387,6
2021-06-23,2,56496,6
2021-06-24,2,46676,6
2021-06-25,0,0,6
2021-06-26,2,19951,6
2021-06-27,1,140124,6
2021-06-28,1,0,6
2021-06-29,0,0,6
2021-06-30,0,0,6
2021-07-01,0,0,7
2021-07-02,0,0,7
2021-07-03,1,40014,7
2021-07-04,0,0,7
2021-07-05,2,39792,7
2021-07-06,0,0,7
2021-07-07,2,59347,7
2021-07-08,1,78511,7
2021-07-09,0,0,7
2021-07-10,0,0,7
2021-07-11,0,0,7
2021-07-12,1,40014,7
2021-07-13,2,136693,7
2021-07-14,0,0,7
2021-07-15,2,133808,7
2021-07-16,0,0,7
2021-07-17,1,9736,7
2021-07-18,0,0,7
2021-07-19,0,0,7
2021-07-20,1,20135,7
2021-07-21,2,53216,7
2021-07-22,0,0,7
2021-07-23,0,0,7
2021-07-24,1,78694,7
2021-07-25,2,67329,7
2021-07-26,0,0,7
2021-07-27,1,0,7
2021-07-28,2,46124,7
2021-07-29,1,72302,7
2021-07-30,0,0,7
2021-07-31,2,101733,7
2021-08-01,0,0,8
2021-08-02,0,0,8
2021-08-03,1,50467,8
2021-08-04,1,0,8
2021-08-05,1,11703,8
2021-08-06,2,78072,8
2021-08-07,1,0,8
2021-08-08,0,0,8
2021-08-09,2,217159,8
2021-08-10,0,0,8
2021-08-11,0,0,8
2021-08-12,0,0,8
2021-08-13,1,40014,8
2021-08-14,1,0,8
2021-08-15,0,0,8
2021-08-16,1,0,8
2021-08-17,1,40014,8
2021-08-18,2,145187,8
2021-08-19,1,0,8
2021-08-20,1,10912,8
2021-08-21,0,0,8
2021-08-22,0,0,8
2021-08-23,1,10217,8
2021-08-24,0,0,8
2021-08-25,3,95101,8
2021-08-26,0,0,8
2021-08-27,1,55033,8
2021-08-28,3,15358,8
2021-08-29,0,0,8
2021-08-30,0,0,8
2021-08-31,1,14411,8
2021-09-01,1,131235,9
2021-09-02,1,49105,9
2021-09-03,1,78668,9
2021-09-04,1,40014,9
2021-09-05,0,0,9
2021-09-06,0,0,9
2021-09-07,1,58921,9
2021-09-08,1,49750,9
2021-09-09,1,5988,9
2021-09-10,0,0,9
2021-09-11,2,78668,9
2021-09-12,0,0,9
2021-09-13,0,0,9
2021-09-14,2,61855,9
2021-09-15,1,17366,9
2021-09-16,0,0,9
2021-09-17,1,36764,9
2021-09-18,1,40014,9
2021-09-19,0,0,9
2021-09-20,1,0,9
2021-09-21,0,0,9
2021-09-22,0,0,9
2021-09-23,1,40014,9
2021-09-24,1,140520,9
2021-09-25,1,2130,9
2021-09-26,3,89004,9
2021-09-27,1,78617,9
2021-09-28,3,40014,9
2021-09-29,1,0,9
2021-09-30,0,0,9
2021-10-01,1,52022,10
2021-10-02,0,0,10
2021-10-03,1,20307,10
2021-10-04,1,140874,10
2021-10-05,0,0,10
2021-10-06,1,9490,10
2021-10-07,3,81450,10
2021-10-08,3,129112,10
2021-10-09,2,28731,10
2021-10-10,0,0,10
2021-10-11,0,0,10
2021-10-12,0,0,10
2021-10-13,1,0,10
2021-10-14,1,4751,10
2021-10-15,3,100859,10
2021-10-16,0,0,10
2021-10-17,1,0,10
2021-10-18,1,40014,10
2021-10-19,1,8329,10
2021-10-20,2,69225,10
2021-10-21,1,134293,10
2021-10-22,1,0,10
2021-10-23,1,0,10
2021-10-24,1,40014,10
2021-10-25,2,165086,10
2021-10-26,0,0,10
2021-10-27,1,53025,10
2021-10-28,1,26391,10
2021-10-29,1,40014,10
2021-10-30,1,56865,10
2021-10-31,1,40014,10
2021-11-01,2,257857,11
2021-11-02,0,0,11
2021-11-03,1,4060,11
2021-11-04,0,0,11
2021-11-05,2,29194,11
2021-11-06,1,39450,11
2021-11-07,0,0,11
2021-11-08,1,0,11
2021-11-09,0,0,11
2021-11-10,4,298055,11
2021-11-11,0,0,11
2021-11-12,1,0,11
2021-11-13,0,0,11
2021-11-14,0,0,11
2021-11-15,1,30903,11
2021-11-16,0,0,11
2021-11-17,3,180096,11
2021-11-18,1,20775,11
2021-11-19,0,0,11
2021-11-20,2,33834,11
2021-11-21,0,0,11
2021-11-22,1,59868,11
2021-11-23,1,140157,11
2021-11-24,2,33963,11
2021-11-25,0,0,11
2021-11-26,1,78178,11
2021-11-27,0,0,11
2021-11-28,0,0,11
2021-11-29,1,138684,11
2021-11-30,1,18628,11
2021-12-01,1,0,12
2021-12-02,1,52923,12
2021-12-03,0,0,12
2021-12-04,2,85506,12
2021-12-05,2,87830,12
2021-12-06,0,0,12
2021-12-07,1,40014,12
2021-12-08,2,98127,12
2021-12-09,1,77003,12
2021-12-10,1,58491,12
2021-12-11,0,0,12
2021-12-12,2,34930,12
2021-12-13,1,32645,12
2021-12-14,2,65303,12
2021-12-15,0,0,12
2021-12-16,2,54344,12
2021-12-17,0,0,12
2021-12-18,1,80931,12
2021-12-19,3,164266,12
2021-12-20,2,57043,12
2021-12-21,0,0,12
2021-12-22,1,0,12
2021-12-23,0,0,12
2021-12-24,1,50165,12
2021-12-25,0,0,12
2021-12-26,1,30738,12
2021-12-27,1,21804,12
2021-12-28,1,40014,12
2021-12-29,2,76139,12
2021-12-30,0,0,12
2021-12-31,1,78850,12
2022-01-01,0,0,1
2022-01-02,1,0,1
2022-01-03,1,0,1
2022-01-04,0,0,1
2022-01-05,1,33095,1
2022-01-06,1,63146,1
2022-01-07,0,0,1
2022-01-08,1,79440,1
2022-01-09,1,73795,1
2022-01-10,1,23119,1
2022-01-11,1,14586,1
2022-01-12,1,23592,1
2022-01-13,0,0,1
2022-01-14,2,107944,1
2022-01-15,1,0,1
2022-01-16,1,74802,1
2022-01-17,1,13874,1
2022-01-18,1,39557,1
2022-01-19,1,20956,1
2022-01-20,0,0,1
2022-01-21,2,71737,1
2022-01-22,0,0,1
2022-01-23,1,141067,1
2022-01-24,1,7333,1
2022-01-25,1,50869,1
2022-01-26,1,76950,1
2022-01-27,1,22746,1
2022-01-28,0,0,1
2022-01-29,0,0,1
2022-01-30,1,17383,1
2022-01-31,0,0,1
2022-02-01,2,49654,2
2022-02-02,1,53801,2
2022-02-03,3,26114,2
2022-02-04,0,0,2
2022-02-05,3,132141,2
2022-02-06,0,0,2
2022-02-07,2,81937,2
2022-02-08,2,112921,2
2022-02-09,2,70192,2
2022-02-10,0,0,2
2022-02-11,2,78676,2
2022-02-12,0,0,2
2022-02-13,1,81735,2
2022-02-14,1,35217,2
2022-02-15,1,25014,2
2022-02-16,0,0,2
2022-02-17,1,78241,2
2022-02-18,4,125118,2
2022-02-19,2,30432,2
2022-02-20,0,0,2
2022-02-21,1,6639,2
2022-02-22,1,25355,2
2022-02-23,1,9866,2
2022-02-24,0,0,2
2022-02-25,1,25347,2
2022-02-26,2,40014,2
2022-02-27,1,78209,2
2022-02-28,1,57838,2
2022-03-01,2,54868,3
2022-03-02,1,138457,3
2022-03-03,1,40014,3
2022-03-04,0,0,3
2022-03-05,1,76437,3
2022-03-06,0,0,3
2022-03-07,0,0,3
2022-03-08,0,0,3
2022-03-09,1,40014,3
2022-03-10,2,73929,3
2022-03-11,2,67753,3
2022-03-12,1,33521,3
2022-03-13,2,84254,3
2022-03-14,1,15249,3
2022-03-15,0,0,3
2022-03-16,1,47954,3
2022-03-17,1,60560,3
2022-03-18,0,0,3
2022-03-19,2,120540,3
2022-03-20,2,52215,3
2022-03-21,1,48848,3
2022-03-22,2,159717,3
2022-03-23,0,0,3
2022-03-24,0,0,3
2022-03-25,0,0,3
2022-03-26,1,40014,3
2022-03-27,1,31867,3
2022-03-28,1,95185,3
2022-03-29,0,0,3
2022-03-30,2,164598,3
2022-03-31,1,0,3
2022-04-01,0,0,4
2022-04-02,0,0,4
2022-04-03,2,139113,4
2022-04-04,0,0,4
2022-04-05,2,70490,4
2022-04-06,1,6596,4
2022-04-07,1,32579,4
2022-04-08,2,22773,4
2022-04-09,0,0,4
2022-04-10,1,54572,4
2022-04-11,0,0,4
2022-04-12,1,0,4
2022-04-13,3,224658,4
2022-04-14,1,9753,4
2022-04-15,1,11612,4
2022-04-16,0,0,4
2022-04-17,1,0,4
2022-04-18,0,0,4
2022-04-19,1,15730,4
2022-04-20,1,76703,4
2022-04-21,2,57632,4
2022-04-22,1,10246,4
2022-04-23,2,73467,4
2022-04-24,1,52261,4
2022-04-25,0,0,4
2022-04-26,1,87656,4
2022-04-27,0,0,4
2022-04-28,3,7684,4
2022-04-29,0,0,4
2022-04-30,1,13628,4
2022-05-01,2,72750,5
2022-05-02,0,0,5
2022-05-03,0,0,5
2022-05-04,2,23523,5
2022-05-05,1,48339,5
2022-05-06,1,51233,5
2022-05-07,1,138684,5
2022-05-08,0,0,5
2022-05-09,0,0,5
2022-05-10,1,70488,5
2022-05-11,0,0,5
2022-05-12,0,0,5
2022-05-13,0,0,5
2022-05-14,1,40014,5
2022-05-15,0,0,5
2022-05-16,1,26442,5
2022-05-17,1,40014,5
2022-05-18,0,0,5
2022-05-19,3,87860,5
2022-05-20,1,73650,5
2022-05-21,0,0,5
2022-05-22,1,8933,5
2022-05-23,2,0,5
2022-05-24,0,0,5
2022-05-25,1,78514,5
2022-05-26,1,0,5
2022-05-27,2,75258,5
2022-05-28,2,0,5
2022-05-29,0,0,5
2022-05-30,2,189077,5
2022-05-31,1,45853,5
2022-06-01,1,40014,6
2022-06-02,1,59353,6
2022-06-03,0,0,6
2022-06-04,1,16267,6
2022-06-05,0,0,6
2022-06-06,2,108092,6
2022-06-07,1,13922,6
2022-06-08,0,0,6
2022-06-09,1,72094,6
2022-06-10,1,33678,6
2022-06-11,3,116674,6
2022-06-12,1,46173,6
2022-06-13,1,56878,6
2022-06-14,0,0,6
2022-06-15,2,31289,6
2022-06-16,1,40014,6
2022-06-17,0,0,6
2022-06-18,1,75938,6
2022-06-19,2,80020,6
2022-06-20,1,78695,6
2022-06-21,2,73487,6
2022-06-22,0,0,6
2022-06-23,2,53353,6
2022-06-24,1,29860,6
2022-06-25,1,0,6
2022-06-26,2,2052,6
2022-06-27,4,69755,6
2022-06-28,2,66886,6
2022-06-29,1,78726,6
2022-06-30,1,78588,6
2022-07-01,0,0,7
2022-07-02,0,0,7
2022-07-03,0,0,7
2022-07-04,0,0,7
2022-07-05,1,0,7
2022-07-06,1,40014,7
2022-07-07,0,0,7
2022-07-08,0,0,7
2022-07-09,1,76278,7
2022-07-10,0,0,7
2022-07-11,1,77941,7
2022-07-12,1,10974,7
2022-07-13,0,0,7
2022-07-14,2,75826,7
2022-07-15,1,40014,7
2022-07-16,2,37899,7
2022-07-17,1,76033,7
2022-07-18,0,0,7
2022-07-19,0,0,7
2022-07-20,0,0,7
2022-07-21,2,21867,7
2022-07-22,1,78026,7
2022-07-23,1,78514,7
2022-07-24,0,0,7
2022-07-25,1,78854,7
2022-07-26,1,55888,7
2022-07-27,0,0,7
2022-07-28,1,22638,7
2022-07-29,1,20431,7
2022-07-30,1,31527,7
2022-07-31,1,49725,7
2022-08-01,1,30604,8
2022-08-02,3,116302,8
2022-08-03,0,0,8
2022-08-04,1,46714,8
2022-08-05,1,33310,8
2022-08-06,1,3620,8
2022-08-07,3,113184,8
2022-08-08,0,0,8
2022-08-09,0,0,8
2022-08-10,2,134924,8
2022-08-11,3,165343,8
2022-08-12,0,0,8
2022-08-13,0,0,8
2022-08-14,1,73125,8
2022-08-15,0,0,8
2022-08-16,0,0,8
2022-08-17,0,0,8
2022-08-18,0,0,8
2022-08-19,1,44042,8
2022-08-20,0,0,8
2022-08-21,0,0,8
2022-08-22,1,55918,8
2022-08-23,1,78514,8
2022-08-24,2,140610,8
2022-08-25,0,0,8
2022-08-26,0,0,8
2022-08-27,1,73571,8
2022-08-28,1,77717,8
2022-08-29,1,0,8
2022-08-30,1,19784,8
2022-08-31,0,0,8
2022-09-01,1,29381,9
2022-09-02,1,20330,9
2022-09-03,2,50704,9
2022-09-04,1,23683,9
2022-09-05,0,0,9
2022-09-06,1,0,9
2022-09-07,2,36047,9
2022-09-08,2,131955,9
2022-09-09,1,96548,9
2022-09-10,0,0,9
2022-09-11,0,0,9
2022-09-12,1,78164,9
2022-09-13,0,0,9
2022-09-14,1,29949,9
2022-09-15,1,25583,9
2022-09-16,2,68632,9
2022-09-17,1,45083,9
2022-09-18,3,105939,9
2022-09-19,1,30434,9
2022-09-20,1,40014,9
2022-09-21,0,0,9
2022-09-22,0,0,9
2022-09-23,2,3857,9
2022-09-24,2,95135,9
2022-09-25,3,25583,9
2022-09-26,1,32143,9
2022-09-27,1,58750,9
2022-09-28,1,0,9
2022-09-29,0,0,9
2022-09-30,1,45986,9
2022-10-01,2,42156,10
2022-10-02,0,0,10
2022-10-03,2,84307,10
2022-10-04,1,40014,10
2022-10-05,0,0,10
2022-10-06,1,77888,10
2022-10-07,0,0,10
2022-10-08,2,76849,10
2022-10-09,2,86731,10
2022-10-10,0,0,10
2022-10-11,1,36680,10
2022-10-12,2,24916,10
2022-10-13,1,50841,10
2022-10-14,1,3574,10
2022-10-15,2,97462,10
2022-10-16,1,30413,10
2022-10-17,1,3826,10
2022-10-18,1,15281,10
2022-10-19,2,108777,10
2022-10-20,0,0,10
2022-10-21,1,71617,10
2022-10-22,0,0,10
2022-10-23,2,78818,10
2022-10-24,0,0,10
2022-10-25,1,96425,10
2022-10-26,1,9806,10
2022-10-27,3,167571,10
2022-10-28,0,0,10
2022-10-29,3,72344,10
2022-10-30,2,30694,10
2022-10-31,1,76398,10
2022-11-01,0,0,11
2022-11-02,1,74252,11
2022-11-03,0,0,11
2022-11-04,1,9619,11
2022-11-05,3,200866,11
2022-11-06,1,17774,11
2022-11-07,0,0,11
2022-11-08,2,22607,11
2022-11-09,0,0,11
2022-11-10,0,0,11
2022-11-11,2,101198,11
2022-11-12,1,30611,11
2022-11-13,0,0,11
2022-11-14,1,24274,11
2022-11-15,1,31798,11
2022-11-16,2,107889,11
2022-11-17,1,1669,11
2022-11-18,1,9700,11
2022-11-19,1,9491,11
2022-11-20,1,77824,11
2022-11-21,1,74072,11
2022-11-22,1,13614,11
2022-11-23,1,53706,11
2022-11-24,1,30205,11
2022-11-25,1,24479,11
2022-11-26,0,0,11
2022-11-27,1,51371,11
2022-11-28,3,104218,11
2022-11-29,1,83890,11
2022-11-30,3,82446,11
2022-12-01,1,0,12
2022-12-02,1,35057,12
2022-12-03,2,0,12
2022-12-04,1,59532,12
2022-12-05,1,52783,12
2022-12-06,1,99590,12
2022-12-07,1,304,12
2022-12-08,2,23979,12
2022-12-09,2,79088,12
2022-12-10,2,50292,12
2022-12-11,1,76656,12
2022-12-12,0,0,12
2022-12-13,2,59156,12
2022-12-14,3,141539,12
2022-12-15,1,18770,12
2022-12-16,0,0,12
2022-12-17,1,48120,12
2022-12-18,0,0,12
2022-12-19,2,18033,12
2022-12-20,1,33034,12
2022-12-21,3,82437,12
2022-12-22,2,144613,12
2022-12-23,0,0,12
2022-12-24,0,0,12
2022-12-25,0,0,12
2022-12-26,2,31393,12
2022-12-27,1,14534,12
2022-12-28,0,0,12
2022-12-29,1,72386,12
2022-12-30,2,53974,12
2022-12-31,0,0,12
2023-01-01,0,0,1
2023-01-02,0,0,1
2023-01-03,1,0,1
2023-01-04,2,58704,1
2023-01-05,1,50542,1
2023-01-06,1,38087,1
2023-01-07,1,16109,1
2023-01-08,1,17357,1
2023-01-09,1,67430,1
2023-01-10,1,40014,1
2023-01-11,0,0,1
2023-01-12,3,68124,1
2023-01-13,1,85935,1
2023-01-14,0,0,1
2023-01-15,1,20690,1
2023-01-16,1,69266,1
2023-01-17,0,0,1
2023-01-18,2,50135,1
2023-01-19,2,170442,1
2023-01-20,2,37363,1
2023-01-21,1,0,1
2023-01-22,1,73396,1
2023-01-23,1,0,1
2023-01-24,1,40014,1
2023-01-25,3,74118,1
2023-01-26,2,99218,1
2023-01-27,1,29250,1
2023-01-28,2,40014,1
2023-01-29,2,57851,1
2023-01-30,1,132888,1
2023-01-31,1,0,1
2023-02-01,1,40014,2
2023-02-02,3,146536,2
2023-02-03,0,0,2
2023-02-04,1,27272,2
2023-02-05,1,31276,2
2023-02-06,2,133191,2
2023-02-07,2,19273,2
2023-02-08,0,0,2
2023-02-09,1,60349,2
2023-02-10,1,48559,2
2023-02-11,2,53329,2
2023-02-12,1,15154,2
2023-02-13,2,129584,2
2023-02-14,0,0,2
2023-02-15,0,0,2
2023-02-16,2,66895,2
2023-02-17,0,0,2
2023-02-18,0,0,2
2023-02-19,2,52619,2
2023-02-20,1,15695,2
2023-02-21,1,12001,2
2023-02-22,2,54829,2
2023-02-23,2,73908,2
2023-02-24,1,0,2
2023-02-25,2,88091,2
2023-02-26,2,124427,2
2023-02-27,0,0,2
2023-02-28,1,31523,2
2023-03-01,2,128511,3
2023-03-02,1,37390,3
2023-03-03,2,130720,3
2023-03-04,0,0,3
2023-03-05,0,0,3
2023-03-06,3,135071,3
2023-03-07,0,0,3
2023-03-08,1,56063,3
2023-03-09,2,6089,3
2023-03-10,1,24068,3
2023-03-11,1,13611,3
2023-03-12,1,40833,3
2023-03-13,2,123025,3
2023-03-14,1,29988,3
2023-03-15,2,59810,3
2023-03-16,2,155234,3
2023-03-17,0,0,3
2023-03-18,0,0,3
2023-03-19,2,59580,3
2023-03-20,0,0,3
2023-03-21,2,36187,3
2023-03-22,1,7372,3
2023-03-23,1,117531,3
2023-03-24,0,0,3
2023-03-25,1,0,3
2023-03-26,0,0,3
2023-03-27,2,95882,3
2023-03-28,2,91158,3
2023-03-29,0,0,3
2023-03-30,0,0,3
2023-03-31,0,0,3
2023-04-01,1,40014,4
2023-04-02,0,0,4
2023-04-03,0,0,4
2023-04-04,1,28701,4
2023-04-05,0,0,4
2023-04-06,2,8764,4
2023-04-07,1,0,4
2023-04-08,2,75313,4
2023-04-09,1,137032,4
2023-04-10,0,0,4
2023-04-11,1,0,4
2023-04-12,2,123004,4
2023-04-13,1,46403,4
2023-04-14,0,0,4
2023-04-15,1,40014,4
2023-04-16,0,0,4
2023-04-17,3,31013,4
2023-04-18,1,27523,4
2023-04-19,3,82573,4
2023-04-20,0,0,4
2023-04-21,1,72061,4
2023-04-22,0,0,4
2023-04-23,1,32751,4
2023-04-24,0,0,4
2023-04-25,2,75975,4
2023-04-26,1,60859,4
2023-04-27,0,0,4
2023-04-28,1,0,4
2023-04-29,2,102011,4
2023-04-30,0,0,4
2023-05-01,0,0,5
2023-05-02,2,76293,5
2023-05-03,1,13156,5
2023-05-04,0,0,5
2023-05-05,1,20286,5
2023-05-06,2,83736,5
2023-05-07,1,50959,5
2023-05-08,0,0,5
2023-05-09,1,0,5
2023-05-10,1,28274,5
2023-05-11,1,76481,5
2023-05-12,0,0,5
2023-05-13,0,0,5
2023-05-14,1,675,5
2023-05-15,1,77044,5
2023-05-16,2,12866,5
2023-05-17,2,76649,5
2023-05-18,0,0,5
2023-05-19,0,0,5
2023-05-20,2,133268,5
2023-05-21,0,0,5
2023-05-22,2,60250,5
2023-05-23,1,78129,5
2023-05-24,1,30957,5
2023-05-25,0,0,5
2023-05-26,1,9978,5
2023-05-27,1,50702,5
2023-05-28,1,0,5
2023-05-29,0,0,5
2023-05-30,2,87552,5
2023-05-31,1,6655,5
2023-06-01,3,129726,6
2023-06-02,1,13364,6
2023-06-03,1,0,6
2023-06-04,1,89196,6
2023-06-05,0,0,6
2023-06-06,1,0,6
2023-06-07,1,13225,6
2023-06-08,2,74312,6
2023-06-09,0,0,6
2023-06-10,0,0,6
2023-06-11,0,0,6
2023-06-12,0,0,6
2023-06-13,1,40014,6
2023-06-14,2,62096,6
2023-06-15,0,0,6
2023-06-16,1,83888,6
2023-06-17,2,5332,6
2023-06-18,2,49678,6
2023-06-19,0,0,6
2023-06-20,0,0,6
2023-06-21,1,22691,6
2023-06-22,1,78616,6
2023-06-23,1,4787,6
2023-06-24,2,65522,6
2023-06-25,0,0,6
2023-06-26,2,82305,6
2023-06-27,0,0,6
2023-06-28,2,32133,6
2023-06-29,3,82345,6
2023-06-30,2,30932,6
2023-07-01,0,0,7
2023-07-02,0,0,7
2023-07-03,0,0,7
2023-07-04,1,57966,7
2023-07-05,3,150536,7
2023-07-06,0,0,7
2023-07-07,1,74232,7
2023-07-08,1,116574,7
2023-07-09,1,40014,7
2023-07-10,1,0,7
2023-07-11,0,0,7
2023-07-12,1,21867,7
2023-07-13,1,71732,7
2023-07-14,1,0,7
2023-07-15,0,0,7
2023-07-16,1,75568,7
2023-07-17,1,40014,7
2023-07-18,1,75647,7
2023-07-19,1,46772,7
2023-07-20,3,77262,7
2023-07-21,0,0,7
2023-07-22,2,95296,7
2023-07-23,1,0,7
2023-07-24,2,40014,7
2023-07-25,2,89494,7
2023-07-26,1,53307,7
2023-07-27,3,40014,7
2023-07-28,0,0,7
2023-07-29,0,0,7
2023-07-30,0,0,7
2023-07-31,1,135914,7
2023-08-01,1,33550,8
2023-08-02,1,0,8
2023-08-03,0,0,8
2023-08-04,1,74317,8
2023-08-05,1,29662,8
2023-08-06,0,0,8
2023-08-07,0,0,8
2023-08-08,1,28446,8
2023-08-09,1,68749,8
2023-08-10,0,0,8
2023-08-11,1,78904,8
2023-08-12,0,0,8
2023-08-13,1,58664,8
2023-08-14,1,78514,8
2023-08-15,0,0,8
2023-08-16,3,148458,8
2023-08-17,0,0,8
2023-08-18,0,0,8
2023-08-19,0,0,8
2023-08-20,1,0,8
2023-08-21,2,84856,8
2023-08-22,1,67744,8
2023-08-23,0,0,8
2023-08-24,2,49146,8
2023-08-25,1,0,8
2023-08-26,1,24220,8
2023-08-27,1,8290,8
2023-08-28,0,0,8
2023-08-29,1,59421,8
2023-08-30,1,81587,8
2023-08-31,1,40014,8
2023-09-01,1,10318,9
2023-09-02,1,29354,9
2023-09-03,0,0,9
2023-09-04,1,73512,9
2023-09-05,0,0,9
2023-09-06,0,0,9
2023-09-07,0,0,9
2023-09-08,1,3270,9
2023-09-09,1,44251,9
2023-09-10,1,81846,9
2023-09-11,1,0,9
2023-09-12,1,0,9
2023-09-13,1,9902,9
2023-09-14,2,0,9
2023-09-15,1,40014,9
2023-09-16,2,28824,9
2023-09-17,0,0,9
2023-09-18,3,22188,9
2023-09-19,1,44593,9
2023-09-20,0,0,9
2023-09-21,2,66798,9
2023-09-22,2,45454,9
2023-09-23,0,0,9
2023-09-24,1,75837,9
2023-09-25,0,0,9
2023-09-26,2,75514,9
2023-09-27,0,0,9
2023-09-28,2,79187,9
2023-09-29,0,0,9
2023-09-30,0,0,9
2023-10-01,0,0,10
2023-10-02,1,79440,10
2023-10-03,1,680,10
2023-10-04,4,129011,10
2023-10-05,1,0,10
2023-10-06,0,0,10
2023-10-07,0,0,10
2023-10-08,0,0,10
2023-10-09,0,0,10
2023-10-10,1,49931,10
2023-10-11,0,0,10
2023-10-12,0,0,10
2023-10-13,0,0,10
2023-10-14,2,37681,10
2023-10-15,1,17233,10
2023-10-16,1,54548,10
2023-10-17,0,0,10
2023-10-18,1,40014,10
2023-10-19,1,42730,10
2023-10-20,2,78045,10
2023-10-21,0,0,10
2023-10-22,1,59635,10
2023-10-23,2,86237,10
2023-10-24,0,0,10
2023-10-25,0,0,10
2023-10-26,2,23532,10
2023-10-27,1,137287,10
2023-10-28,2,29598,10
2023-10-29,1,59653,10
2023-10-30,0,0,10
2023-10-31,1,0,10
2023-11-01,0,0,11
2023-11-02,2,97172,11
2023-11-03,2,23616,11
2023-11-04,0,0,11
2023-11-05,3,77401,11
2023-11-06,1,0,11
2023-11-07,0,0,11
2023-11-08,2,106616,11
2023-11-09,0,0,11
2023-11-10,2,89314,11
2023-11-11,1,76303,11
2023-11-12,2,78416,11
2023-11-13,1,22377,11
2023-11-14,1,52430,11
2023-11-15,1,32799,11
2023-11-16,0,0,11
2023-11-17,1,33624,11
2023-11-18,3,163833,11
2023-11-19,1,54342,11
2023-11-20,0,0,11
2023-11-21,2,79658,11
2023-11-22,0,0,11
2023-11-23,0,0,11
2023-11-24,1,58046,11
2023-11-25,1,78833,11
2023-11-26,3,62759,11
2023-11-27,1,0,11
2023-11-28,1,77798,11
2023-11-29,1,77713,11
2023-11-30,1,0,11
2023-12-01,1,51736,12
2023-12-02,1,22172,12
2023-12-03,1,77868,12
2023-12-04,0,0,12
2023-12-05,2,116238,12
2023-12-06,1,50554,12
2023-12-07,1,25444,12
2023-12-08,1,40014,12
2023-12-09,1,57532,12
2023-12-10,2,29591,12
2023-12-11,0,0,12
2023-12-12,2,40014,12
2023-12-13,1,79071,12
2023-12-14,1,20874,12
2023-12-15,1,78275,12
2023-12-16,1,82853,12
2023-12-17,0,0,12
2023-12-18,2,57927,12
2023-12-19,0,0,12
2023-12-20,1,77173,12
2023-12-21,2,107618,12
2023-12-22,1,47882,12
2023-12-23,2,118553,12
2023-12-24,1,30690,12
2023-12-25,0,0,12
2023-12-26,0,0,12
2023-12-27,2,147354,12
2023-12-28,0,0,12
2023-12-29,1,45243,12
2023-12-30,1,40014,12
2023-12-31,0,0,12
2024-01-01,1,0,1
2024-01-02,1,74727,1
2024-01-03,1,0,1
2024-01-04,1,34286,1
2024-01-05,2,116147,1
2024-01-06,3,52683,1
2024-01-07,2,72793,1
2024-01-08,2,6382,1
2024-01-09,1,39680,1
2024-01-10,1,78866,1
2024-01-11,1,47342,1
2024-01-12,2,72761,1
2024-01-13,0,0,1
2024-01-14,1,34060,1
2024-01-15,3,154217,1
2024-01-16,1,40014,1
2024-01-17,1,53236,1
2024-01-18,0,0,1
2024-01-19,0,0,1
2024-01-20,2,125472,1
2024-01-21,2,137349,1
2024-01-22,0,0,1
2024-01-23,0,0,1
2024-01-24,0,0,1
2024-01-25,0,0,1
2024-01-26,1,40097,1
2024-01-27,0,0,1
2024-01-28,1,51680,1
2024-01-29,1,40014,1
2024-01-30,2,78148,1
2024-01-31,1,49745,1
2024-02-01,1,59071,2
2024-02-02,3,61598,2
2024-02-03,1,78755,2
2024-02-04,1,40014,2
2024-02-05,3,91868,2
2024-02-06,3,107804,2
2024-02-07,0,0,2
2024-02-08,0,0,2
2024-02-09,2,78667,2
2024-02-10,3,157042,2
2024-02-11,1,78777,2
2024-02-12,1,21482,2
2024-02-13,2,81588,2
2024-02-14,0,0,2
2024-02-15,0,0,2
2024-02-16,0,0,2
2024-02-17,1,56329,2
2024-02-18,2,42020,2
2024-02-19,2,74806,2
2024-02-20,1,78742,2
2024-02-21,1,34617,2
2024-02-22,1,79001,2
2024-02-23,1,31272,2
2024-02-24,1,54011,2
2024-02-25,1,79555,2
2024-02-26,1,78026,2
2024-02-27,0,0,2
2024-02-28,3,93453,2
2024-02-29,1,0,2
2024-03-01,1,60631,3
2024-03-02,1,36717,3
2024-03-03,2,120700,3
2024-03-04,0,0,3
2024-03-05,1,33307,3
2024-03-06,2,117366,3
2024-03-07,1,40014,3
2024-03-08,1,842,3
2024-03-09,2,152822,3
2024-03-10,0,0,3
2024-03-11,2,127803,3
2024-03-12,0,0,3
2024-03-13,2,79461,3
2024-03-14,2,16072,3
2024-03-15,1,40014,3
2024-03-16,2,48898,3
2024-03-17,3,142725,3
2024-03-18,1,35188,3
2024-03-19,0,0,3
2024-03-20,1,113488,3
2024-03-21,0,0,3
2024-03-22,1,23302,3
2024-03-23,1,78586,3
2024-03-24,0,0,3
2024-03-25,3,141999,3
2024-03-26,1,0,3
2024-03-27,0,0,3
2024-03-28,1,40014,3
2024-03-29,0,0,3
2024-03-30,1,57122,3
2024-03-31,1,49295,3
2024-04-01,1,27689,4
2024-04-02,2,127439,4
2024-04-03,0,0,4
2024-04-04,2,103037,4
2024-04-05,0,0,4
2024-04-06,0,0,4
2024-04-07,1,115568,4
2024-04-08,2,78726,4
2024-04-09,2,3608,4
2024-04-10,1,37300,4
2024-04-11,1,40014,4
2024-04-12,0,0,4
2024-04-13,4,111526,4
2024-04-14,2,83902,4
2024-04-15,1,10711,4
2024-04-16,1,56021,4
2024-04-17,1,55871,4
2024-04-18,1,33771,4
2024-04-19,1,78487,4
2024-04-20,1,56707,4
2024-04-21,1,40014,4
2024-04-22,1,9217,4
2024-04-23,0,0,4
2024-04-24,2,31870,4
2024-04-25,2,92013,4
2024-04-26,3,159038,4
2024-04-27,0,0,4
2024-04-28,0,0,4
2024-04-29,1,79443,4
2024-04-30,1,50668,4
2024-05-01,1,31920,5
2024-05-02,2,110985,5
2024-05-03,1,0,5
2024-05-04,2,100179,5
2024-05-05,0,0,5
2024-05-06,1,28464,5
2024-05-07,3,150441,5
2024-05-08,1,28666,5
2024-05-09,1,40014,5
2024-05-10,0,0,5
2024-05-11,2,79453,5
2024-05-12,1,77200,5
2024-05-13,0,0,5
2024-05-14,2,80048,5
2024-05-15,1,10494,5
2024-05-16,2,110636,5
2024-05-17,0,0,5
2024-05-18,0,0,5
2024-05-19,2,84583,5
2024-05-20,1,100068,5
2024-05-21,1,29206,5
2024-05-22,1,0,5
2024-05-23,4,230659,5
2024-05-24,0,0,5
2024-05-25,1,40014,5
2024-05-26,1,29031,5
2024-05-27,1,3480,5
2024-05-28,1,40014,5
2024-05-29,1,72898,5
2024-05-30,1,74206,5
2024-05-31,2,41472,5
2024-06-01,2,51799,6
2024-06-02,1,0,6
2024-06-03,2,83656,6
2024-06-04,2,129930,6
2024-06-05,1,67117,6
2024-06-06,0,0,6
2024-06-07,0,0,6
2024-06-08,0,0,6
2024-06-09,1,33821,6
2024-06-10,1,70095,6
2024-06-11,0,0,6
2024-06-12,2,119150,6
2024-06-13,2,6175,6
2024-06-14,0,0,6
2024-06-15,2,103782,6
2024-06-16,0,0,6
2024-06-17,1,25891,6
2024-06-18,1,77608,6
2024-06-19,0,0,6
2024-06-20,0,0,6
2024-06-21,2,119297,6
2024-06-22,1,53644,6
2024-06-23,0,0,6
2024-06-24,3,157713,6
2024-06-25,1,21382,6
2024-06-26,1,22025,6
2024-06-27,0,0,6
2024-06-28,2,66245,6
2024-06-29,1,57620,6
2024-06-30,0,0,6
2024-07-01,1,56361,7
2024-07-02,1,61146,7
2024-07-03,0,0,7
2024-07-04,1,77043,7
2024-07-05,2,54107,7
2024-07-06,1,0,7
2024-07-07,1,43024,7
2024-07-08,0,0,7
2024-07-09,0,0,7
2024-07-10,1,79408,7
2024-07-11,0,0,7
2024-07-12,0,0,7
2024-07-13,1,53307,7
2024-07-14,0,0,7
2024-07-15,2,137856,7
2024-07-16,1,66753,7
2024-07-17,0,0,7
2024-07-18,1,40014,7
2024-07-19,1,0,7
2024-07-20,1,82495,7
2024-07-21,0,0,7
2024-07-22,1,12727,7
2024-07-23,1,25064,7
2024-07-24,3,118648,7
2024-07-25,0,0,7
2024-07-26,1,60638,7
2024-07-27,1,0,7
2024-07-28,1,31870,7
2024-07-29,1,74356,7
2024-07-30,1,34220,7
2024-07-31,1,0,7
2024-08-01,2,132565,8
2024-08-02,2,40712,8
2024-08-03,1,78947,8
2024-08-04,1,47937,8
2024-08-05,0,0,8
2024-08-06,0,0,8
2024-08-07,0,0,8
2024-08-08,1,79924,8
2024-08-09,1,0,8
2024-08-10,2,118995,8
2024-08-11,1,54293,8
2024-08-12,2,108113,8
2024-08-13,0,0,8
2024-08-14,3,58822,8
2024-08-15,1,32694,8
2024-08-16,1,44616,8
2024-08-17,1,23197,8
2024-08-18,2,87354,8
2024-08-19,1,72504,8
2024-08-20,0,0,8
2024-08-21,1,77417,8
2024-08-22,0,0,8
2024-08-23,1,71659,8
2024-08-24,1,79048,8
2024-08-25,1,0,8
2024-08-26,2,60798,8
2024-08-27,1,47920,8
2024-08-28,1,40895,8
2024-08-29,1,79504,8
2024-08-30,1,40014,8
2024-08-31,0,0,8
2024-09-01,1,37277,9
2024-09-02,0,0,9
2024-09-03,1,40014,9
2024-09-04,1,40014,9
2024-09-05,1,56948,9
2024-09-06,2,80647,9
2024-09-07,0,0,9
2024-09-08,2,0,9
2024-09-09,2,97103,9
2024-09-10,0,0,9
2024-09-11,2,35145,9
2024-09-12,1,79362,9
2024-09-13,2,76313,9
2024-09-14,2,126826,9
2024-09-15,1,0,9
2024-09-16,1,45243,9
2024-09-17,1,26447,9
2024-09-18,1,40014,9
2024-09-19,1,13773,9
2024-09-20,2,40014,9
2024-09-21,2,106476,9
2024-09-22,3,93154,9
2024-09-23,0,0,9
2024-09-24,1,78816,9
2024-09-25,0,0,9
2024-09-26,1,79057,9
2024-09-27,0,0,9
2024-09-28,1,50088,9
2024-09-29,0,0,9
2024-09-30,0,0,9
2024-10-01,0,0,10
2024-10-02,2,129989,10
2024-10-03,1,70371,10
2024-10-04,0,0,10
2024-10-05,0,0,10
2024-10-06,2,108000,10
2024-10-07,1,8499,10
2024-10-08,0,0,10
2024-10-09,3,150896,10
2024-10-10,0,0,10
2024-10-11,1,0,10
2024-10-12,0,0,10
2024-10-13,2,64862,10
2024-10-14,0,0,10
2024-10-15,3,132426,10
2024-10-16,0,0,10
2024-10-17,1,22085,10
2024-10-18,3,134321,10
2024-10-19,1,66476,10
2024-10-20,1,40014,10
2024-10-21,0,0,10
2024-10-22,2,88322,10
2024-10-23,1,54383,10
2024-10-24,1,13995,10
2024-10-25,2,149053,10
2024-10-26,0,0,10
2024-10-27,2,108559,10
2024-10-28,2,78466,10
2024-10-29,1,78793,10
2024-10-30,1,73888,10
2024-10-31,1,78695,10
2024-11-01,0,0,11
2024-11-02,0,0,11
2024-11-03,3,183953,11
2024-11-04,0,0,11
2024-11-05,1,0,11
2024-11-06,1,77962,11
2024-11-07,1,51315,11
2024-11-08,1,53640,11
2024-11-09,0,0,11
2024-11-10,1,76591,11
2024-11-11,1,49103,11
2024-11-12,2,78623,11
2024-11-13,1,34895,11
2024-11-14,1,0,11
2024-11-15,1,77118,11
2024-11-16,1,50861,11
2024-11-17,1,0,11
2024-11-18,1,17630,11
2024-11-19,0,0,11
2024-11-20,0,0,11
2024-11-21,1,75626,11
2024-11-22,0,0,11
2024-11-23,2,91059,11
2024-11-24,0,0,11
2024-11-25,0,0,11
2024-11-26,1,52400,11
2024-11-27,3,50226,11
2024-11-28,1,72841,11
2024-11-29,2,97592,11
2024-11-30,1,0,11
2024-12-01,2,82267,12
2024-12-02,0,0,12
2024-12-03,1,85192,12
2024-12-04,0,0,12
2024-12-05,2,59124,12
2024-12-06,0,0,12
2024-12-07,1,19186,12
2024-12-08,1,68302,12
2024-12-09,1,79142,12
2024-12-10,2,38570,12
2024-12-11,1,80317,12
2024-12-12,0,0,12
2024-12-13,2,89187,12
2024-12-14,1,52329,12
2024-12-15,1,60639,12
2024-12-16,1,78457,12
2024-12-17,1,40014,12
2024-12-18,3,129725,12
2024-12-19,0,0,12
2024-12-20,0,0,12
2024-12-21,3,80010,12
2024-12-22,2,101843,12
2024-12-23,2,60272,12
2024-12-24,0,0,12
2024-12-25,0,0,12
2024-12-26,2,89684,12
2024-12-27,2,87205,12
2024-12-28,1,56676,12
2024-12-29,1,48693,12
2024-12-30,0,0,12
2024-12-31,1,78476,12
2025-01-01,0,0,1
2025-01-02,1,53217,1
2025-01-03,2,94274,1
2025-01-04,0,0,1
2025-01-05,0,0,1
2025-01-06,1,54322,1
2025-01-07,1,79454,1
2025-01-08,1,33156,1
2025-01-09,2,83716,1
2025-01-10,0,0,1
2025-01-11,1,28717,1
2025-01-12,1,6911,1
2025-01-13,2,85730,1
2025-01-14,0,0,1
2025-01-15,1,50980,1
2025-01-16,2,61287,1
2025-01-17,2,54710,1
2025-01-18,1,44435,1
2025-01-19,0,0,1
2025-01-20,1,79437,1
2025-01-21,1,66662,1
2025-01-22,0,0,1
2025-01-23,1,0,1
2025-01-24,2,31124,1
2025-01-25,1,59723,1
2025-01-26,0,0,1
2025-01-27,1,79010,1
2025-01-28,1,78058,1
2025-01-29,2,13668,1
2025-01-30,2,84670,1
2025-01-31,1,51722,1
2025-02-01,0,0,2
2025-02-02,1,57423,2
2025-02-03,1,52721,2
2025-02-04,1,86190,2
2025-02-05,1,77124,2
2025-02-06,0,0,2
2025-02-07,2,22819,2
2025-02-08,1,0,2
2025-02-09,1,35348,2
2025-02-10,1,56437,2
2025-02-11,4,160876,2
2025-02-12,1,0,2
2025-02-13,0,0,2
2025-02-14,1,75791,2
2025-02-15,1,60682,2
2025-02-16,1,2043,2
2025-02-17,1,40014,2
2025-02-18,2,65627,2
2025-02-19,0,0,2
2025-02-20,0,0,2
2025-02-21,1,37153,2
2025-02-22,0,0,2
2025-02-23,2,93616,2
2025-02-24,2,154263,2
2025-02-25,2,90310,2
2025-02-26,0,0,2
2025-02-27,1,0,2
2025-02-28,1,76984,2
2025-03-01,1,33277,3
2025-03-02,2,86078,3
2025-03-03,2,28464,3
2025-03-04,1,26702,3
2025-03-05,1,27724,3
2025-03-06,3,149622,3
2025-03-07,1,31926,3
2025-03-08,2,73145,3
2025-03-09,1,57565,3
2025-03-10,1,77580,3
2025-03-11,1,23145,3
2025-03-12,0,0,3
2025-03-13,1,72661,3
2025-03-14,1,51284,3
2025-03-15,1,0,3
2025-03-16,2,134136,3
2025-03-17,0,0,3
2025-03-18,2,69801,3
2025-03-19,3,89322,3
2025-03-20,1,0,3
2025-03-21,2,138279,3
2025-03-22,2,94142,3
2025-03-23,0,0,3
2025-03-24,1,79074,3
2025-03-25,1,3515,3
2025-03-26,4,174215,3
2025-03-27,2,96665,3
2025-03-28,0,0,3
2025-03-29,0,0,3
2025-03-30,1,23797,3
2025-03-31,1,19375,3
2025-04-01,1,73166,4
2025-04-02,2,13296,4
2025-04-03,1,78004,4
2025-04-04,0,0,4
2025-04-05,1,7331,4
2025-04-06,1,78726,4
2025-04-07,1,0,4
2025-04-08,0,0,4
2025-04-09,1,81593,4
2025-04-10,0,0,4
2025-04-11,0,0,4
2025-04-12,2,93740,4
2025-04-13,1,78686,4
2025-04-14,0,0,4
2025-04-15,3,58190,4
2025-04-16,1,26754,4
2025-04-17,1,40478,4
2025-04-18,0,0,4
2025-04-19,1,40109,4
2025-04-20,2,114877,4
2025-04-21,1,0,4
2025-04-22,0,0,4
2025-04-23,3,60406,4
2025-04-24,0,0,4
2025-04-25,0,0,4
2025-04-26,1,37782,4
2025-04-27,0,0,4
2025-04-28,0,0,4
2025-04-29,0,0,4
2025-04-30,0,0,4
2025-05-01,1,38426,5
2025-05-02,2,0,5
2025-05-03,1,78762,5
2025-05-04,2,111363,5
2025-05-05,3,49559,5
2025-05-06,1,40014,5
2025-05-07,1,73860,5
2025-05-08,1,77125,5
2025-05-09,1,80143,5
2025-05-10,0,0,5
2025-05-11,1,29986,5
2025-05-12,0,0,5
2025-05-13,1,80083,5
2025-05-14,1,36723,5
2025-05-15,0,0,5
2025-05-16,2,151591,5
2025-05-17,0,0,5
2025-05-18,0,0,5
2025-05-19,0,0,5
2025-05-20,0,0,5
2025-05-21,2,60206,5
2025-05-22,2,125799,5
2025-05-23,1,68332,5
2025-05-24,2,0,5
2025-05-25,0,0,5
2025-05-26,0,0,5
2025-05-27,1,78898,5
2025-05-28,2,89851,5
2025-05-29,1,0,5
2025-05-30,1,0,5
2025-05-31,1,74624,5
2025-06-01,1,56194,6
2025-06-02,1,29206,6
2025-06-03,0,0,6
2025-06-04,1,0,6
2025-06-05,2,86061,6
2025-06-06,2,38448,6
2025-06-07,1,78076,6
2025-06-08,0,0,6
2025-06-09,0,0,6
2025-06-10,1,38107,6
2025-06-11,0,0,6
2025-06-12,3,108726,6
2025-06-13,0,0,6
2025-06-14,0,0,6
2025-06-15,1,73467,6
2025-06-16,1,57594,6
2025-06-17,2,93880,6
2025-06-18,0,0,6
2025-06-19,0,0,6
2025-06-20,2,48660,6
2025-06-21,1,78846,6
2025-06-22,0,0,6
2025-06-23,2,66030,6
2025-06-24,0,0,6
2025-06-25,1,0,6
2025-06-26,0,0,6
2025-06-27,1,1368,6
2025-06-28,0,0,6
2025-06-29,0,0,6
2025-06-30,1,65762,6
2025-07-01,0,0,7
2025-07-02,2,152378,7
2025-07-03,0,0,7
2025-07-04,0,0,7
2025-07-05,0,0,7
2025-07-06,0,0,7
2025-07-07,0,0,7
2025-07-08,1,0,7
2025-07-09,0,0,7
2025-07-10,0,0,7
2025-07-11,1,0,7
2025-07-12,2,56183,7
2025-07-13,1,61344,7
2025-07-14,0,0,7
2025-07-15,2,78470,7
2025-07-16,0,0,7
2025-07-17,3,101036,7
2025-07-18,1,12376,7
2025-07-19,0,0,7
2025-07-20,0,0,7
2025-07-21,0,0,7
2025-07-22,0,0,7
2025-07-23,3,147765,7
2025-07-24,0,0,7
2025-07-25,1,13306,7
2025-07-26,0,0,7
2025-07-27,1,81536,7
2025-07-28,0,0,7
2025-07-29,1,76703,7
2025-07-30,0,0,7
2025-07-31,1,27596,7
2025-08-01,2,75590,8
2025-08-02,1,58244,8
2025-08-03,1,40014,8
2025-08-04,0,0,8
2025-08-05,0,0,8
2025-08-06,2,150952,8
2025-08-07,0,0,8
2025-08-08,2,43909,8
2025-08-09,1,29541,8
2025-08-10,0,0,8
2025-08-11,1,78615,8
2025-08-12,1,56828,8
2025-08-13,1,39405,8
2025-08-14,0,0,8
2025-08-15,1,78679,8
2025-08-16,0,0,8
2025-08-17,1,34590,8
2025-08-18,0,0,8
2025-08-19,1,73467,8
2025-08-20,1,3434,8
2025-08-21,1,49880,8
2025-08-22,1,35174,8
2025-08-23,0,0,8
2025-08-24,1,61352,8
2025-08-25,2,49640,8
2025-08-26,1,0,8
2025-08-27,1,64769,8
2025-08-28,0,0,8
2025-08-29,1,45779,8
2025-08-30,0,0,8
2025-08-31,1,40787,8
2025-09-01,0,0,9
2025-09-02,1,78210,9
2025-09-03,0,0,9
2025-09-04,1,13931,9
2025-09-05,2,64298,9
2025-09-06,1,40014,9
2025-09-07,2,88444,9
2025-09-08,0,0,9
2025-09-09,1,81082,9
2025-09-10,1,0,9
2025-09-11,0,0,9
2025-09-12,0,0,9
2025-09-13,1,0,9
2025-09-14,1,76180,9
2025-09-15,1,73368,9
2025-09-16,0,0,9
2025-09-17,1,77132,9
2025-09-18,0,0,9
2025-09-19,0,0,9
2025-09-20,1,78493,9
2025-09-21,2,109475,9
2025-09-22,1,51961,9
2025-09-23,1,68902,9
2025-09-24,0,0,9
2025-09-25,0,0,9
2025-09-26,0,0,9
2025-09-27,1,58845,9
2025-09-28,2,74013,9
2025-09-29,0,0,9
2025-09-30,3,98828,9
2025-10-01,1,78940,10
2025-10-02,1,34059,10
2025-10-03,1,110530,10
2025-10-04,2,52501,10
2025-10-05,1,48924,10
2025-10-06,1,21646,10
2025-10-07,1,20934,10
2025-10-08,0,0,10
2025-10-09,2,113274,10
2025-10-10,1,138089,10
2025-10-11,0,0,10
2025-10-12,0,0,10
2025-10-13,0,0,10
2025-10-14,3,106099,10
2025-10-15,0,0,10
2025-10-16,1,77717,10
2025-10-17,2,34253,10
2025-10-18,1,30410,10
2025-10-19,1,78253,10
2025-10-20,1,9412,10
2025-10-21,1,25491,10
2025-10-22,2,60807,10
2025-10-23,1,78358,10
2025-10-24,0,0,10
2025-10-25,2,94971,10
2025-10-26,2,72397,10
2025-10-27,1,40014,10
2025-10-28,2,32457,10
2025-10-29,0,0,10
2025-10-30,1,24957,10
2025-10-31,1,29057,10
2025-11-01,3,133945,11
2025-11-02,2,121323,11
2025-11-03,0,0,11
2025-11-04,1,38344,11
2025-11-05,0,0,11
2025-11-06,0,0,11
2025-11-07,2,67708,11
2025-11-08,2,33517,11
2025-11-09,2,75857,11
2025-11-10,0,0,11
2025-11-11,1,0,11
2025-11-12,1,78207,11
2025-11-13,2,24922,11
2025-11-14,0,0,11
2025-11-15,2,101982,11
2025-11-16,1,40014,11
2025-11-17,0,0,11
2025-11-18,2,81875,11
2025-11-19,0,0,11
2025-11-20,1,53624,11
2025-11-21,1,32846,11
2025-11-22,0,0,11
2025-11-23,1,78624,11
2025-11-24,1,53244,11
2025-11-25,1,53371,11
2025-11-26,1,24767,11
2025-11-27,1,71241,11
2025-11-28,1,7529,11
2025-11-29,0,0,11
2025-11-30,1,17709,11
2025-12-01,1,6145,12
2025-12-02,0,0,12
2025-12-03,2,103753,12
2025-12-04,3,81674,12
2025-12-05,1,30432,12
2025-12-06,1,0,12
2025-12-07,1,78496,12
2025-12-08,0,0,12
2025-12-09,1,42139,12
2025-12-10,1,30446,12
2025-12-11,0,0,12
2025-12-12,1,32288,12
2025-12-13,1,51287,12
2025-12-14,0,0,12
2025-12-15,1,31565,12
2025-12-16,1,36233,12
2025-12-17,1,72644,12
2025-12-18,0,0,12
2025-12-19,1,78305,12
2025-12-20,0,0,12
2025-12-21,1,44442,12
2025-12-22,1,72661,12
2025-12-23,2,110686,12
2025-12-24,1,0,12
2025-12-25,0,0,12
2025-12-26,1,50724,12
2025-12-27,1,32866,12
2025-12-28,0,0,12
2025-12-29,3,157497,12
2025-12-30,0,0,12
2025-12-31,1,78698,12
2026-01-01,0,0,1
2026-01-02,1,53873,1
2026-01-03,1,77593,1
2026-01-04,0,0,1
2026-01-05,0,0,1
2026-01-06,2,27798,1
2026-01-07,1,77824,1
2026-01-08,1,0,1
2026-01-09,2,108445,1
2026-01-10,0,0,1
2026-01-11,2,81713,1
2026-01-12,1,0,1
2026-01-13,0,0,1
2026-01-14,1,115542,1
2026-01-15,0,0,1
2026-01-16,0,0,1
2026-01-17,2,40014,1
2026-01-18,2,78100,1
2026-01-19,2,129350,1
2026-01-20,1,0,1
2026-01-21,2,54454,1
2026-01-22,1,75797,1
2026-01-23,1,26139,1
2026-01-24,1,19893,1
2026-01-25,1,32106,1
2026-01-26,1,60555,1
2026-01-27,0,0,1
2026-01-28,0,0,1
2026-01-29,0,0,1
2026-01-30,0,0,1
2026-01-31,1,60648,1
2026-02-01,0,0,2
2026-02-02,0,0,2
2026-02-03,0,0,2
2026-02-04,2,40014,2
2026-02-05,0,0,2
2026-02-06,2,72950,2
2026-02-07,0,0,2
2026-02-08,0,0,2
2026-02-09,0,0,2
2026-02-10,0,0,2
2026-02-11,2,63828,2
2026-02-12,0,0,2
2026-02-13,1,1381,2
2026-02-14,0,0,2
2026-02-15,2,80831,2
2026-02-16,1,9572,2
2026-02-17,2,88233,2
2026-02-18,1,11074,2
2026-02-19,0,0,2
2026-02-20,3,158752,2
2026-02-21,1,0,2
2026-02-22,1,43674,2
2026-02-23,1,71927,2
2026-02-24,2,78218,2
2026-02-25,0,0,2
2026-02-26,2,49504,2
2026-02-27,1,60541,2
2026-02-28,1,30144,2
2026-03-01,1,59868,3
2026-03-02,2,26756,3
2026-03-03,1,41472,3
2026-03-04,3,102523,3
2026-03-05,0,0,3
2026-03-06,0,0,3
2026-03-07,2,127358,3
2026-03-08,3,125776,3
2026-03-09,2,55697,3
2026-03-10,0,0,3
2026-03-11,0,0,3
2026-03-12,1,39765,3
2026-03-13,1,0,3
2026-03-14,2,71868,3
2026-03-15,2,32599,3
2026-03-16,0,0,3
2026-03-17,2,80269,3
2026-03-18,1,49891,3
2026-03-19,0,0,3
2026-03-20,2,78277,3
2026-03-21,0,0,3
2026-03-22,1,74827,3
2026-03-23,1,29703,3
2026-03-24,0,0,3
2026-03-25,3,111145,3
2026-03-26,0,0,3
2026-03-27,1,83913,3
2026-03-28,0,0,3
2026-03-29,3,162395,3
2026-03-30,1,50860,3
2026-03-31,1,27498,3
2026-04-01,1,0,4
2026-04-02,0,0,4
2026-04-03,2,70386,4
2026-04-04,3,80290,4
2026-04-05,0,0,4
2026-04-06,1,73276,4
2026-04-07,1,79451,4
2026-04-08,1,24379,4
2026-04-09,1,40014,4
2026-04-10,0,0,4
2026-04-11,2,119406,4
2026-04-12,0,0,4
2026-04-13,1,20349,4
2026-04-14,1,58712,4
2026-04-15,2,111149,4
2026-04-16,1,20260,4
2026-04-17,0,0,4
2026-04-18,2,83022,4
2026-04-19,1,34358,4
2026-04-20,1,0,4
2026-04-21,1,77217,4
2026-04-22,1,0,4
2026-04-23,2,97746,4
2026-04-24,1,40014,4
2026-04-25,0,0,4
2026-04-26,1,80212,4
2026-04-27,1,40014,4
2026-04-28,0,0,4
2026-04-29,1,0,4
2026-04-30,3,97187,4
2026-05-01,0,0,5
2026-05-02,1,51672,5
2026-05-03,0,0,5
2026-05-04,3,138301,5
2026-05-05,0,0,5
2026-05-06,1,26093,5
2026-05-07,1,21418,5
2026-05-08,1,0,5
2026-05-09,0,0,5
2026-05-10,1,0,5
2026-05-11,1,32310,5
2026-05-12,2,88322,5
2026-05-13,0,0,5
2026-05-14,1,67827,5
2026-05-15,1,0,5
2026-05-16,1,75656,5
2026-05-17,2,79657,5
2026-05-18,0,0,5
2026-05-19,2,105784,5
2026-05-20,0,0,5
2026-05-21,2,86369,5
2026-05-22,1,0,5
2026-05-23,0,0,5
2026-05-24,2,78432,5
2026-05-25,1,41379,5
2026-05-26,1,81323,5
2026-05-27,0,0,5
2026-05-28,1,78600,5
2026-05-29,3,132540,5
2026-05-30,0,0,5
2026-05-31,1,33347,5
2026-06-01,2,42852,6
2026-06-02,0,0,6
2026-06-03,1,36888,6
2026-06-04,1,59278,6
2026-06-05,0,0,6
2026-06-06,0,0,6
2026-06-07,0,0,6
2026-06-08,1,79380,6
2026-06-09,2,33359,6
2026-06-10,3,138388,6
2026-06-11,0,0,6
2026-06-12,1,0,6
2026-06-13,1,66481,6
2026-06-14,2,98663,6
2026-06-15,0,0,6
2026-06-16,0,0,6
2026-06-17,1,0,6
2026-06-18,2,150225,6
2026-06-19,0,0,6
2026-06-20,1,13425,6
2026-06-21,1,50987,6
2026-06-22,1,5568,6
2026-06-23,3,114782,6
2026-06-24,0,0,6
2026-06-25,1,78844,6
2026-06-26,2,39889,6
2026-06-27,0,0,6
2026-06-28,2,91900,6
2026-06-29,0,0,6
2026-06-30,0,0,6
2026-07-01,0,0,7
2026-07-02,1,78725,7
2026-07-03,1,79391,7
2026-07-04,1,23707,7
2026-07-05,1,57408,7
2026-07-06,0,0,7
2026-07-07,3,219125,7
2026-07-08,1,73968,7
2026-07-09,0,0,7
2026-07-10,0,0,7
2026-07-11,1,25624,7
2026-07-12,1,0,7
2026-07-13,1,55434,7
2026-07-14,0,0,7
2026-07-15,1,58778,7
2026-07-16,1,33765,7
2026-07-17,1,86587,7
2026-07-18,0,0,7
2026-07-19,1,74784,7
2026-07-20,1,50715,7
2026-07-21,1,60917,7
2026-07-22,1,78696,7
2026-07-23,1,29628,7
2026-07-24,0,0,7
2026-07-25,0,0,7
2026-07-26,1,78494,7
2026-07-27,0,0,7
2026-07-28,1,1393,7
2026-07-29,1,0,7
2026-07-30,2,76650,7
2026-07-31,0,0,7
2026-08-01,2,26070,8
2026-08-02,1,53706,8
2026-08-03,0,0,8
2026-08-04,1,74827,8
2026-08-05,0,0,8
2026-08-06,1,48306,8
2026-08-07,3,40402,8
2026-08-08,2,157388,8
2026-08-09,1,481,8
2026-08-10,1,0,8
2026-08-11,1,30010,8
2026-08-12,1,78493,8
2026-08-13,0,0,8
2026-08-14,1,75047,8
2026-08-15,1,30666,8
2026-08-16,2,256366,8
2026-08-17,0,0,8
2026-08-18,1,32925,8
2026-08-19,1,40014,8
2026-08-20,0,0,8
2026-08-21,0,0,8
2026-08-22,0,0,8
2026-08-23,2,111390,8
2026-08-24,1,57140,8
2026-08-25,0,0,8
2026-08-26,0,0,8
2026-08-27,1,29617,8
2026-08-28,1,7174,8
2026-08-29,1,55742,8
2026-08-30,0,0,8
2026-08-31,1,78775,8
2026-09-01,2,113353,9
2026-09-02,0,0,9
2026-09-03,2,132580,9
2026-09-04,1,10319,9
2026-09-05,1,1381,9
2026-09-06,1,38489,9
2026-09-07,0,0,9
2026-09-08,1,77762,9
2026-09-09,2,26421,9
2026-09-10,0,0,9
2026-09-11,1,40014,9
2026-09-12,1,27752,9
2026-09-13,2,55176,9
2026-09-14,2,80029,9
2026-09-15,1,76886,9
2026-09-16,0,0,9
2026-09-17,1,57887,9
2026-09-18,0,0,9
