date,portcalls_dry_bulk,import_dry_bulk,export_dry_bulk,month
2019-01-01,2,53370,55139,1
2019-01-02,4,145562,49790,1
2019-01-03,2,20294,54832,1
2019-01-04,2,20294,30399,1
2019-01-05,2,69648,30399,1
2019-01-06,2,78590,64162,1
2019-01-07,3,57266,45359,1
2019-01-08,2,69545,30399,1
2019-01-09,1,0,5731,1
2019-01-10,0,0,0,1
2019-01-11,4,139750,91199,1
2019-01-12,3,54260,34522,1
2019-01-13,1,20294,30399,1
2019-01-14,3,40589,131753,1
2019-01-15,3,20294,58519,1
2019-01-16,2,72482,75368,1
2019-01-17,1,18807,0,1
2019-01-18,1,0,53299,1
2019-01-19,2,20294,105908,1
2019-01-20,2,20294,85539,1
2019-01-21,3,74539,55004,1
2019-01-22,2,0,142477,1
2019-01-23,0,0,0,1
2019-01-24,2,0,0,1
2019-01-25,3,47598,60799,1
2019-01-26,0,0,0,1
2019-01-27,1,0,26143,1
2019-01-28,3,21383,695,1
2019-01-29,2,139,48099,1
2019-01-30,4,177423,44986,1
2019-01-31,1,0,55544,1
2019-02-01,4,20294,201417,2
2019-02-02,2,40589,60799,2
2019-02-03,3,0,135625,2
2019-02-04,8,298934,108239,2
2019-02-05,1,0,64162,2
2019-02-06,1,0,4559,2
2019-02-07,2,20294,30399,2
2019-02-08,2,20294,30399,2
2019-02-09,1,0,68997,2
2019-02-10,1,20294,30399,2
2019-02-11,2,20294,64284,2
2019-02-12,1,73237,0,2
2019-02-13,0,0,0,2
2019-02-14,3,42483,30399,2
2019-02-15,0,0,0,2
2019-02-16,5,188677,149263,2
2019-02-17,3,90859,5560,2
2019-02-18,2,78177,71422,2
2019-02-19,2,20294,51546,2
2019-02-20,2,20294,105768,2
2019-02-21,2,43069,20726,2
2019-02-22,3,40589,88945,2
2019-02-23,4,99956,142264,2
2019-02-24,1,78129,0,2
2019-02-25,3,20294,129532,2
2019-02-26,4,73626,133130,2
2019-02-27,2,20294,97737,2
2019-02-28,0,0,0,2
2019-03-01,2,40589,60799,3
2019-03-02,2,0,56804,3
2019-03-03,4,98505,30399,3
2019-03-04,2,40589,60799,3
2019-03-05,4,25768,86585,3
2019-03-06,1,0,75368,3
2019-03-07,1,1968,0,3
2019-03-08,2,33457,30399,3
2019-03-09,2,78777,24379,3
2019-03-10,1,0,28628,3
2019-03-11,1,0,0,3
2019-03-12,5,265609,59544,3
2019-03-13,0,0,0,3
2019-03-14,4,71200,133971,3
2019-03-15,2,125429,0,3
2019-03-16,3,30099,104026,3
2019-03-17,2,0,122904,3
2019-03-18,4,91636,146669,3
2019-03-19,3,46651,126359,3
2019-03-20,2,0,77593,3
2019-03-21,1,0,26448,3
2019-03-22,4,256044,30399,3
2019-03-23,3,73846,85539,3
2019-03-24,2,33388,0,3
2019-03-25,1,72315,0,3
2019-03-26,6,116894,199168,3
2019-03-27,3,97793,85373,3
2019-03-28,1,0,0,3
2019-03-29,4,95152,85029,3
2019-03-30,2,21779,54494,3
2019-03-31,1,0,54000,3
2019-04-01,2,99155,30399,4
2019-04-02,1,0,66331,4
2019-04-03,2,58584,73626,4
2019-04-04,1,24038,0,4
2019-04-05,2,60983,68683,4
2019-04-06,0,0,0,4
2019-04-07,1,2071,0,4
2019-04-08,0,0,0,4
2019-04-09,2,51322,0,4
2019-04-10,4,151511,110655,4
2019-04-11,1,0,58490,4
2019-04-12,3,153698,52980,4
2019-04-13,2,20294,85539,4
2019-04-14,4,126266,89983,4
2019-04-15,1,0,65218,4
2019-04-16,2,37312,20459,4
2019-04-17,3,17882,134633,4
2019-04-18,2,20294,96731,4
2019-04-19,3,82330,0,4
2019-04-20,3,0,127880,4
2019-04-21,2,61069,30399,4
2019-04-22,4,61904,116445,4
2019-04-23,1,0,53390,4
2019-04-24,0,0,0,4
2019-04-25,4,81329,146265,4
2019-04-26,2,0,123196,4
2019-04-27,2,151598,0,4
2019-04-28,4,40589,107726,4
2019-04-29,2,0,94394,4
2019-04-30,2,1601,67337,4
2019-05-01,0,0,0,5
2019-05-02,0,0,0,5
2019-05-03,0,0,0,5
2019-05-04,2,99658,0,5
2019-05-05,1,20294,30399,5
2019-05-06,1,61549,0,5
2019-05-07,6,118442,167080,5
2019-05-08,3,135493,30399,5
2019-05-09,3,83823,138468,5
2019-05-10,0,0,0,5
2019-05-11,1,0,46936,5
2019-05-12,2,152459,0,5
2019-05-13,1,0,53465,5
2019-05-14,3,20990,101386,5
2019-05-15,1,20294,30399,5
2019-05-16,2,75277,11111,5
2019-05-17,3,36237,110324,5
2019-05-18,3,58644,60799,5
2019-05-19,3,40589,119426,5
2019-05-20,1,0,51876,5
2019-05-21,2,0,115946,5
2019-05-22,3,126121,30399,5
2019-05-23,3,0,172780,5
2019-05-24,3,40589,108838,5
2019-05-25,3,43689,123907,5
2019-05-26,3,40117,1464,5
2019-05-27,4,76832,105396,5
2019-05-28,2,0,55324,5
2019-05-29,2,0,75794,5
2019-05-30,2,0,23834,5
2019-05-31,6,212030,59157,5
2019-06-01,3,42475,51378,6
2019-06-02,3,47337,90988,6
2019-06-03,2,47577,0,6
2019-06-04,2,53071,47324,6
2019-06-05,4,53350,84234,6
2019-06-06,2,102499,0,6
2019-06-07,3,78168,101289,6
2019-06-08,4,20294,164938,6
2019-06-09,2,0,125152,6
2019-06-10,2,20294,85247,6
2019-06-11,5,74929,131391,6
2019-06-12,2,41872,30399,6
2019-06-13,2,20294,30399,6
2019-06-14,4,150112,132377,6
2019-06-15,3,42562,143794,6
2019-06-16,4,12184,58864,6
2019-06-17,4,20294,138563,6
2019-06-18,1,20294,30399,6
2019-06-19,5,152953,113942,6
2019-06-20,0,0,0,6
2019-06-21,3,112662,30399,6
2019-06-22,3,40589,111538,6
2019-06-23,4,99859,104026,6
2019-06-24,4,55225,150516,6
2019-06-25,2,0,105985,6
2019-06-26,3,20573,30399,6
2019-06-27,6,173418,1112,6
2019-06-28,2,28004,55139,6
2019-06-29,2,31503,54634,6
2019-06-30,3,96243,30399,6
2019-07-01,7,100372,180971,7
2019-07-02,1,79225,0,7
2019-07-03,2,20294,30399,7
2019-07-04,4,48398,139820,7
2019-07-05,1,78855,0,7
2019-07-06,4,99849,166493,7
2019-07-07,2,40589,60799,7
2019-07-08,2,0,71563,7
2019-07-09,4,57923,154507,7
2019-07-10,1,20294,30399,7
2019-07-11,0,0,0,7
2019-07-12,2,149820,0,7
2019-07-13,5,116678,157853,7
2019-07-14,0,0,0,7
2019-07-15,5,245824,98653,7
2019-07-16,4,0,99368,7
2019-07-17,1,0,51056,7
2019-07-18,0,0,0,7
2019-07-19,2,71481,30399,7
2019-07-20,2,20294,61040,7
2019-07-21,2,46869,557,7
2019-07-22,6,263191,60799,7
2019-07-23,1,0,0,7
2019-07-24,2,20294,78106,7
2019-07-25,3,39840,19228,7
2019-07-26,3,0,100213,7
2019-07-27,4,40589,161365,7
2019-07-28,1,0,48727,7
2019-07-29,2,13891,59711,7
2019-07-30,1,0,5074,7
2019-07-31,1,0,0,7
2019-08-01,3,86695,55598,8
2019-08-02,2,130538,0,8
2019-08-03,3,40799,66046,8
2019-08-04,2,20294,83706,8
2019-08-05,3,0,130405,8
2019-08-06,3,40589,99879,8
2019-08-07,1,0,27542,8
2019-08-08,0,0,0,8
2019-08-09,5,118421,159983,8
2019-08-10,2,0,137557,8
2019-08-11,2,20294,30399,8
2019-08-12,1,0,9351,8
2019-08-13,3,20294,90115,8
2019-08-14,4,72522,79391,8
2019-08-15,5,111165,126100,8
2019-08-16,1,0,54736,8
2019-08-17,2,55579,52885,8
2019-08-18,4,108129,72450,8
2019-08-19,2,53527,55139,8
2019-08-20,0,0,0,8
2019-08-21,5,134746,109443,8
2019-08-22,1,38060,0,8
2019-08-23,2,20294,41511,8
2019-08-24,4,40589,188191,8
2019-08-25,2,97375,30399,8
2019-08-26,3,89741,83927,8
2019-08-27,2,73118,0,8
2019-08-28,2,54771,77604,8
2019-08-29,1,1655,0,8
2019-08-30,1,0,75508,8
2019-08-31,2,53540,30399,8
2019-09-01,2,79260,52903,9
2019-09-02,1,20294,30399,9
2019-09-03,2,98542,30399,9
2019-09-04,3,76911,60799,9
2019-09-05,1,0,25528,9
2019-09-06,2,77884,4097,9
2019-09-07,2,0,74928,9
2019-09-08,3,113234,60799,9
2019-09-09,0,0,0,9
2019-09-10,2,20294,78234,9
2019-09-11,3,177383,0,9
2019-09-12,2,93455,30399,9
2019-09-13,4,68603,80535,9
2019-09-14,2,50831,30399,9
2019-09-15,2,118723,0,9
2019-09-16,1,0,13635,9
2019-09-17,1,78188,0,9
2019-09-18,5,102158,54826,9
2019-09-19,1,20294,30399,9
2019-09-20,4,139553,0,9
2019-09-21,1,0,0,9
2019-09-22,0,0,0,9
2019-09-23,2,20294,101768,9
2019-09-24,1,20294,30399,9
2019-09-25,0,0,0,9
2019-09-26,4,116840,91199,9
2019-09-27,3,30732,86295,9
2019-09-28,2,20294,39416,9
2019-09-29,2,54600,0,9
2019-09-30,3,156697,24248,9
2019-10-01,2,4224,56328,10
2019-10-02,2,20294,47526,10
2019-10-03,1,20294,30399,10
2019-10-04,4,122021,42050,10
2019-10-05,0,0,0,10
2019-10-06,1,20294,30399,10
2019-10-07,1,73171,0,10
2019-10-08,1,0,75368,10
2019-10-09,1,0,13238,10
2019-10-10,3,208,11208,10
2019-10-11,2,3807,21075,10
2019-10-12,4,20294,185380,10
2019-10-13,2,84921,0,10
2019-10-14,1,0,28085,10
2019-10-15,0,0,0,10
2019-10-16,1,0,10517,10
2019-10-17,3,44193,86785,10
2019-10-18,4,99274,51916,10
2019-10-19,5,40589,207821,10
2019-10-20,1,20294,30399,10
2019-10-21,2,51284,27542,10
2019-10-22,1,20294,30399,10
2019-10-23,1,0,70953,10
2019-10-24,1,20294,30399,10
2019-10-25,2,8458,0,10
2019-10-26,2,38562,30399,10
2019-10-27,1,72918,0,10
2019-10-28,1,20294,30399,10
2019-10-29,3,74026,74459,10
2019-10-30,2,20294,40712,10
2019-10-31,3,0,127104,10
2019-11-01,2,40589,60799,11
2019-11-02,2,40589,60799,11
2019-11-03,1,0,54349,11
2019-11-04,3,53439,0,11
2019-11-05,1,20294,30399,11
2019-11-06,4,58613,104536,11
2019-11-07,4,8748,82792,11
2019-11-08,0,0,0,11
2019-11-09,0,0,0,11
2019-11-10,4,112395,115294,11
2019-11-11,2,20294,32225,11
2019-11-12,1,0,41353,11
2019-11-13,3,20294,146023,11
2019-11-14,6,193863,168878,11
2019-11-15,0,0,0,11
2019-11-16,3,20294,112213,11
2019-11-17,2,93161,30399,11
2019-11-18,2,55608,0,11
2019-11-19,4,74776,107871,11
2019-11-20,2,0,56343,11
2019-11-21,3,20294,111346,11
2019-11-22,2,975,11418,11
2019-11-23,1,79461,0,11
2019-11-24,1,20294,30399,11
2019-11-25,4,40589,186998,11
2019-11-26,1,0,71747,11
2019-11-27,3,69434,53456,11
2019-11-28,0,0,0,11
2019-11-29,7,248512,145362,11
2019-11-30,2,40589,60799,11
2019-12-01,1,20294,30399,12
2019-12-02,2,20294,52941,12
2019-12-03,2,75931,30399,12
2019-12-04,3,20294,36252,12
2019-12-05,1,20294,30399,12
2019-12-06,0,0,0,12
2019-12-07,0,0,0,12
2019-12-08,0,0,0,12
2019-12-09,3,177445,30399,12
2019-12-10,0,0,0,12
2019-12-11,1,21808,0,12
2019-12-12,2,0,58381,12
2019-12-13,3,60884,91199,12
2019-12-14,3,60884,91199,12
2019-12-15,2,20294,32069,12
2019-12-16,3,60884,91199,12
2019-12-17,2,57010,30399,12
2019-12-18,4,154241,85539,12
2019-12-19,1,20294,30399,12
2019-12-20,4,99355,60799,12
2019-12-21,5,96906,145638,12
2019-12-22,1,0,53439,12
2019-12-23,1,0,0,12
2019-12-24,4,117880,60799,12
2019-12-25,4,100175,130233,12
2019-12-26,1,0,0,12
2019-12-27,3,61797,60799,12
2019-12-28,1,0,29128,12
2019-12-29,1,24181,0,12
2019-12-30,5,56709,173968,12
2019-12-31,2,40589,60799,12
2020-01-01,3,80324,30399,1
2020-01-02,1,0,68135,1
2020-01-03,4,170609,30399,1
2020-01-04,5,115821,211711,1
2020-01-05,2,0,59082,1
2020-01-06,2,0,108097,1
2020-01-07,3,134615,30399,1
2020-01-08,3,40589,132547,1
2020-01-09,1,0,73626,1
2020-01-10,1,20294,30399,1
2020-01-11,5,40171,99571,1
2020-01-12,0,0,0,1
2020-01-13,0,0,0,1
2020-01-14,2,22345,30399,1
2020-01-15,2,73306,6175,1
2020-01-16,5,101473,151999,1
2020-01-17,1,20294,30399,1
2020-01-18,2,0,80942,1
2020-01-19,2,20294,107340,1
2020-01-20,2,0,25105,1
2020-01-21,3,99639,103926,1
2020-01-22,4,40589,186254,1
2020-01-23,3,49187,131405,1
2020-01-24,1,20294,30399,1
2020-01-25,2,20294,77558,1
2020-01-26,1,0,55415,1
2020-01-27,5,90678,190666,1
2020-01-28,2,0,115521,1
2020-01-29,1,0,0,1
2020-01-30,3,0,125231,1
2020-01-31,2,87315,0,1
2020-02-01,1,20294,30399,2
2020-02-02,1,0,0,2
2020-02-03,4,48887,115021,2
2020-02-04,0,0,0,2
2020-02-05,1,78244,0,2
2020-02-06,2,55105,0,2
2020-02-07,2,53250,76562,2
2020-02-08,2,20294,60307,2
2020-02-09,1,20294,30399,2
2020-02-10,4,33199,208126,2
2020-02-11,2,79461,54499,2
2020-02-12,3,75731,90966,2
2020-02-13,2,20294,101358,2
2020-02-14,2,79153,71054,2
2020-02-15,4,35514,97876,2
2020-02-16,3,86215,60799,2
2020-02-17,1,20294,30399,2
2020-02-18,3,20294,135941,2
2020-02-19,1,31213,0,2
2020-02-20,1,0,63550,2
2020-02-21,4,119879,30399,2
2020-02-22,6,131539,144147,2
2020-02-23,2,96309,30399,2
2020-02-24,4,53018,84894,2
2020-02-25,3,62450,86166,2
2020-02-26,2,72937,60666,2
2020-02-27,5,98092,186909,2
2020-02-28,2,117661,0,2
2020-02-29,0,0,0,2
2020-03-01,1,0,0,3
2020-03-02,3,40589,80413,3
2020-03-03,2,44062,71664,3
2020-03-04,2,54606,53551,3
2020-03-05,2,29344,71054,3
2020-03-06,4,101447,60799,3
2020-03-07,3,81367,75368,3
2020-03-08,4,60884,167105,3
2020-03-09,4,119610,116422,3
2020-03-10,2,78277,77604,3
2020-03-11,2,40589,60799,3
2020-03-12,0,0,0,3
2020-03-13,3,21477,102064,3
2020-03-14,0,0,0,3
2020-03-15,3,20294,148708,3
2020-03-16,4,93072,89983,3
2020-03-17,2,24892,29125,3
2020-03-18,4,137462,80021,3
2020-03-19,3,0,50795,3
2020-03-20,1,0,10821,3
2020-03-21,1,20294,30399,3
2020-03-22,0,0,0,3
2020-03-23,4,112253,131878,3
2020-03-24,1,0,60473,3
2020-03-25,1,20294,30399,3
2020-03-26,4,193494,0,3
2020-03-27,4,96611,159518,3
2020-03-28,2,40589,60799,3
2020-03-29,0,0,0,3
2020-03-30,2,0,91224,3
2020-03-31,5,51299,61885,3
2020-04-01,4,93646,115124,4
2020-04-02,3,91730,29234,4
2020-04-03,1,48645,0,4
2020-04-04,2,20294,84940,4
2020-04-05,2,92261,30399,4
2020-04-06,2,54138,53222,4
2020-04-07,0,0,0,4
2020-04-08,2,98875,30399,4
2020-04-09,1,0,25891,4
2020-04-10,3,108569,53162,4
2020-04-11,2,78447,0,4
2020-04-12,4,96143,85217,4
2020-04-13,7,207070,191315,4
2020-04-14,2,75019,30399,4
2020-04-15,2,20294,102064,4
2020-04-16,5,148606,134587,4
2020-04-17,1,20294,30399,4
2020-04-18,6,199451,156097,4
2020-04-19,0,0,0,4
2020-04-20,2,0,124619,4
2020-04-21,0,0,0,4
2020-04-22,7,92059,279336,4
2020-04-23,3,62173,91190,4
2020-04-24,0,0,0,4
2020-04-25,5,60995,132646,4
2020-04-26,2,55288,54724,4
2020-04-27,4,71273,126636,4
2020-04-28,0,0,0,4
2020-04-29,3,20294,136913,4
2020-04-30,2,42518,30399,4
2020-05-01,1,389,0,5
2020-05-02,3,76086,30399,5
2020-05-03,5,106312,143192,5
2020-05-04,3,20294,141039,5
2020-05-05,5,72568,191848,5
2020-05-06,1,0,71664,5
2020-05-07,1,0,50097,5
2020-05-08,2,70953,33199,5
2020-05-09,5,23231,119783,5
2020-05-10,3,74968,47688,5
2020-05-11,3,20294,106376,5
2020-05-12,3,0,71819,5
2020-05-13,0,0,0,5
2020-05-14,2,20294,84713,5
2020-05-15,3,20294,114079,5
2020-05-16,2,73275,75368,5
2020-05-17,6,99122,139062,5
2020-05-18,0,0,0,5
2020-05-19,0,0,0,5
2020-05-20,0,0,0,5
2020-05-21,7,62456,146584,5
2020-05-22,2,43871,54489,5
2020-05-23,3,20294,143717,5
2020-05-24,2,0,104207,5
2020-05-25,1,20294,30399,5
2020-05-26,2,20294,60606,5
2020-05-27,4,108700,72444,5
2020-05-28,5,835,116639,5
2020-05-29,0,0,0,5
2020-05-30,4,107649,68012,5
2020-05-31,3,53739,60998,5
2020-06-01,3,20294,77145,6
2020-06-02,6,208959,159051,6
2020-06-03,3,108086,51046,6
2020-06-04,1,0,55766,6
2020-06-05,7,54305,120552,6
2020-06-06,5,97077,113516,6
2020-06-07,3,20294,129631,6
2020-06-08,5,140193,110978,6
2020-06-09,4,40589,114875,6
2020-06-10,2,0,81365,6
2020-06-11,3,72885,53500,6
2020-06-12,5,60884,203871,6
2020-06-13,4,98437,52831,6
2020-06-14,3,103514,69682,6
2020-06-15,3,20294,57329,6
2020-06-16,3,54617,132626,6
2020-06-17,6,56152,123288,6
2020-06-18,2,20294,86166,6
2020-06-19,2,0,126093,6
2020-06-20,2,0,31074,6
2020-06-21,1,0,0,6
2020-06-22,4,148660,113413,6
2020-06-23,2,65345,30399,6
2020-06-24,4,58536,103786,6
2020-06-25,2,20294,63599,6
2020-06-26,4,40589,186946,6
2020-06-27,4,0,169742,6
2020-06-28,4,62072,166140,6
2020-06-29,2,0,104110,6
2020-06-30,4,20294,110503,6
2020-07-01,3,170075,30399,7
2020-07-02,1,0,55475,7
2020-07-03,1,20294,30399,7
2020-07-04,4,74071,83677,7
2020-07-05,6,100060,203388,7
2020-07-06,2,20294,84768,7
2020-07-07,5,73435,114596,7
2020-07-08,3,79090,81675,7
2020-07-09,7,159982,133513,7
2020-07-10,1,20294,30399,7
2020-07-11,2,0,72978,7
2020-07-12,3,78511,58316,7
2020-07-13,2,1847,75368,7
2020-07-14,2,0,71026,7
2020-07-15,3,47550,84199,7
2020-07-16,1,78435,0,7
2020-07-17,5,176655,86166,7
2020-07-18,3,20294,119215,7
2020-07-19,2,40589,60799,7
2020-07-20,1,0,48279,7
2020-07-21,4,118215,60799,7
2020-07-22,2,40589,60799,7
2020-07-23,0,0,0,7
2020-07-24,1,29798,0,7
2020-07-25,5,149063,116982,7
2020-07-26,2,94366,30399,7
2020-07-27,3,78605,71791,7
2020-07-28,3,0,87912,7
2020-07-29,3,16171,21447,7
2020-07-30,1,0,58649,7
2020-07-31,6,156161,82457,7
2020-08-01,3,20294,61718,8
2020-08-02,4,20294,160239,8
2020-08-03,3,81231,60799,8
2020-08-04,6,73177,253627,8
2020-08-05,2,0,87965,8
2020-08-06,2,0,97324,8
2020-08-07,4,0,208645,8
2020-08-08,2,60661,45927,8
2020-08-09,3,132960,52882,8
2020-08-10,3,20294,146947,8
2020-08-11,3,57937,89455,8
2020-08-12,1,0,0,8
2020-08-13,3,0,191889,8
2020-08-14,5,113970,175224,8
2020-08-15,1,75368,0,8
2020-08-16,2,0,54111,8
2020-08-17,5,29969,149340,8
2020-08-18,3,40589,115617,8
2020-08-19,1,63104,0,8
2020-08-20,3,98781,62219,8
2020-08-21,4,124373,99012,8
2020-08-22,4,71054,158678,8
2020-08-23,1,20294,30399,8
2020-08-24,2,40589,60799,8
2020-08-25,0,0,0,8
2020-08-26,0,0,0,8
2020-08-27,5,101571,138003,8
2020-08-28,5,0,156449,8
2020-08-29,3,40589,95811,8
2020-08-30,6,58346,178777,8
2020-08-31,3,61735,35059,8
2020-09-01,2,56709,30399,9
2020-09-02,3,40589,106215,9
2020-09-03,2,0,106876,9
2020-09-04,4,99614,76255,9
2020-09-05,0,0,0,9
2020-09-06,2,20294,83884,9
2020-09-07,4,99823,84244,9
2020-09-08,2,0,28606,9
2020-09-09,7,98645,170975,9
2020-09-10,2,20294,99831,9
2020-09-11,1,0,56036,9
2020-09-12,1,0,49866,9
2020-09-13,4,154197,60799,9
2020-09-14,1,73183,0,9
2020-09-15,1,0,54277,9
2020-09-16,2,39409,0,9
2020-09-17,3,38723,126133,9
2020-09-18,5,0,188579,9
2020-09-19,0,0,0,9
2020-09-20,3,20294,83951,9
2020-09-21,4,74393,160282,9
2020-09-22,2,41775,55089,9
2020-09-23,2,78165,0,9
2020-09-24,3,54491,60799,9
2020-09-25,4,115313,75587,9
2020-09-26,4,35041,69239,9
2020-09-27,0,0,0,9
2020-09-28,3,101724,60799,9
2020-09-29,1,0,56469,9
2020-09-30,4,103865,55222,9
2020-10-01,3,42429,108855,10
2020-10-02,2,72554,30399,10
2020-10-03,1,0,0,10
2020-10-04,1,27076,0,10
2020-10-05,4,55691,108439,10
2020-10-06,5,254751,81954,10
2020-10-07,3,69502,30399,10
2020-10-08,2,20294,83489,10
2020-10-09,3,20294,60652,10
2020-10-10,4,111658,139554,10
2020-10-11,2,40589,60799,10
2020-10-12,4,134768,60799,10
2020-10-13,1,20294,30399,10
2020-10-14,0,0,0,10
2020-10-15,0,0,0,10
2020-10-16,6,102652,186819,10
2020-10-17,2,78618,23180,10
2020-10-18,1,0,53664,10
2020-10-19,2,0,2319,10
2020-10-20,3,80956,53054,10
2020-10-21,1,26907,0,10
2020-10-22,0,0,0,10
2020-10-23,4,97625,162209,10
2020-10-24,1,20294,30399,10
2020-10-25,5,123680,49775,10
2020-10-26,3,40589,119382,10
2020-10-27,1,20294,30399,10
2020-10-28,2,42156,54133,10
2020-10-29,3,84529,60799,10
2020-10-30,5,99175,160316,10
2020-10-31,4,61068,91359,10
2020-11-01,6,88199,215817,11
2020-11-02,1,78050,0,11
2020-11-03,4,60134,142920,11
2020-11-04,3,20294,134330,11
2020-11-05,4,137359,84803,11
2020-11-06,1,78802,0,11
2020-11-07,4,182168,54328,11
2020-11-08,2,132165,0,11
2020-11-09,1,0,55766,11
2020-11-10,0,0,0,11
2020-11-11,2,40589,60799,11
2020-11-12,2,78612,67264,11
2020-11-13,0,0,0,11
2020-11-14,3,40589,116254,11
2020-11-15,1,75474,0,11
2020-11-16,3,20294,123614,11
2020-11-17,4,20294,89423,11
2020-11-18,5,183247,53911,11
2020-11-19,4,98669,85244,11
2020-11-20,7,332641,72866,11
2020-11-21,2,62215,0,11
2020-11-22,4,112701,76536,11
2020-11-23,3,73891,54329,11
2020-11-24,1,76329,0,11
2020-11-25,3,77284,122948,11
2020-11-26,5,173149,109304,11
2020-11-27,3,74770,60907,11
2020-11-28,2,20294,106465,11
2020-11-29,0,0,0,11
2020-11-30,0,0,0,11
2020-12-01,3,40589,87576,12
2020-12-02,2,0,126803,12
2020-12-03,3,153189,55766,12
2020-12-04,2,54926,15678,12
2020-12-05,3,20294,55960,12
2020-12-06,2,104322,0,12
2020-12-07,1,0,49132,12
2020-12-08,6,150251,151032,12
2020-12-09,0,0,0,12
2020-12-10,4,127259,102307,12
2020-12-11,3,40589,60799,12
2020-12-12,1,37334,0,12
2020-12-13,4,98989,156873,12
2020-12-14,3,137001,53528,12
2020-12-15,2,0,80183,12
2020-12-16,4,186683,30399,12
2020-12-17,4,40589,108436,12
2020-12-18,3,177493,30399,12
2020-12-19,3,73238,85404,12
2020-12-20,1,78724,0,12
2020-12-21,1,0,73198,12
2020-12-22,2,78763,54724,12
2020-12-23,2,40589,60799,12
2020-12-24,3,20432,106305,12
2020-12-25,3,49631,83250,12
2020-12-26,0,0,0,12
2020-12-27,2,40589,60799,12
2020-12-28,2,155492,0,12
2020-12-29,1,33926,0,12
2020-12-30,4,99274,60855,12
2020-12-31,1,0,0,12
2021-01-01,5,101929,141458,1
2021-01-02,2,80196,0,1
2021-01-03,1,0,56552,1
2021-01-04,5,166341,120191,1
2021-01-05,3,95572,60799,1
2021-01-06,2,20294,83658,1
2021-01-07,7,61619,304576,1
2021-01-08,0,0,0,1
2021-01-09,3,43475,79303,1
2021-01-10,2,62426,70367,1
2021-01-11,3,60884,91199,1
2021-01-12,2,0,148390,1
2021-01-13,3,118644,60799,1
2021-01-14,0,0,0,1
2021-01-15,2,90775,0,1
2021-01-16,3,60884,91199,1
2021-01-17,1,0,71664,1
2021-01-18,1,20294,30399,1
2021-01-19,5,176529,110948,1
2021-01-20,5,40589,153943,1
2021-01-21,2,0,127382,1
2021-01-22,6,191893,119590,1
2021-01-23,3,40589,128137,1
2021-01-24,1,0,54447,1
2021-01-25,1,42156,0,1
2021-01-26,3,20294,110934,1
2021-01-27,2,18450,33686,1
2021-01-28,3,957,52410,1
2021-01-29,2,40589,60799,1
2021-01-30,4,0,156821,1
2021-01-31,4,96335,83437,1
2021-02-01,2,40589,60799,2
2021-02-02,1,71615,0,2
2021-02-03,4,40589,138476,2
2021-02-04,1,54392,0,2
2021-02-05,3,105868,30399,2
2021-02-06,2,20294,102064,2
2021-02-07,2,0,123639,2
2021-02-08,3,0,120376,2
2021-02-09,4,97640,155071,2
2021-02-10,3,39650,30399,2
2021-02-11,1,20294,30399,2
2021-02-12,1,20294,30399,2
2021-02-13,4,20294,77208,2
2021-02-14,1,20294,30399,2
2021-02-15,3,40589,115258,2
2021-02-16,6,118959,119702,2
2021-02-17,1,78249,0,2
2021-02-18,2,0,78082,2
2021-02-19,3,134936,49032,2
2021-02-20,0,0,0,2
2021-02-21,2,0,128261,2
2021-02-22,3,35930,76997,2
2021-02-23,3,126129,30399,2
2021-02-24,5,143781,158471,2
2021-02-25,3,151181,26622,2
2021-02-26,8,179133,199450,2
2021-02-27,1,0,75518,2
2021-02-28,3,25557,75439,2
2021-03-01,4,74658,169859,3
2021-03-02,1,0,55475,3
2021-03-03,3,78228,52882,3
2021-03-04,2,70367,51517,3
2021-03-05,3,40589,110114,3
2021-03-06,3,60884,91199,3
2021-03-07,2,0,79565,3
2021-03-08,5,97625,174718,3
2021-03-09,2,4283,31493,3
2021-03-10,4,203257,30399,3
2021-03-11,1,0,22612,3
2021-03-12,4,88211,53283,3
2021-03-13,0,0,0,3
2021-03-14,3,20294,98055,3
2021-03-15,3,3421,61753,3
2021-03-16,3,79335,155377,3
2021-03-17,4,91138,202678,3
2021-03-18,2,20294,55767,3
2021-03-19,5,70843,193302,3
2021-03-20,1,29120,0,3
2021-03-21,6,98056,177601,3
2021-03-22,3,20294,141751,3
2021-03-23,1,0,27434,3
2021-03-24,3,0,182449,3
2021-03-25,4,76974,161547,3
2021-03-26,1,40507,0,3
2021-03-27,5,99578,189516,3
2021-03-28,2,58559,49977,3
2021-03-29,3,20294,131987,3
2021-03-30,7,337102,144866,3
2021-03-31,2,6178,45908,3
2021-04-01,2,0,100200,4
2021-04-02,2,79117,30399,4
2021-04-03,4,120138,155619,4
2021-04-04,2,26953,53242,4
2021-04-05,1,20294,30399,4
2021-04-06,3,20294,31487,4
2021-04-07,2,77256,30551,4
2021-04-08,4,40589,122614,4
2021-04-09,5,133134,107569,4
2021-04-10,2,78777,52805,4
2021-04-11,3,71664,102316,4
2021-04-12,5,128934,198119,4
2021-04-13,3,99229,30399,4
2021-04-14,4,20294,134166,4
2021-04-15,4,20294,115220,4
2021-04-16,1,34223,0,4
2021-04-17,2,41141,54304,4
2021-04-18,1,0,56015,4
2021-04-19,4,79503,105675,4
2021-04-20,3,20294,146807,4
2021-04-21,6,84970,186421,4
2021-04-22,5,96185,119729,4
2021-04-23,1,30877,0,4
2021-04-24,3,36828,127169,4
2021-04-25,3,40589,115967,4
2021-04-26,4,20294,109179,4
2021-04-27,1,20294,30399,4
2021-04-28,4,79143,192356,4
2021-04-29,3,0,136390,4
2021-04-30,5,20294,155968,4
2021-05-01,3,0,95314,5
2021-05-02,2,20294,84513,5
2021-05-03,5,0,230037,5
2021-05-04,2,98517,30399,5
2021-05-05,2,0,73626,5
2021-05-06,3,0,153855,5
2021-05-07,2,0,79482,5
2021-05-08,5,0,237126,5
2021-05-09,3,20294,69419,5
2021-05-10,3,40589,111864,5
2021-05-11,5,79995,88863,5
2021-05-12,2,83463,30399,5
2021-05-13,2,0,19332,5
2021-05-14,4,74569,54122,5
2021-05-15,5,34674,34830,5
2021-05-16,4,210622,30399,5
2021-05-17,4,40589,74394,5
2021-05-18,3,79071,34022,5
2021-05-19,3,20294,59402,5
2021-05-20,4,81090,121855,5
2021-05-21,0,0,0,5
2021-05-22,5,55566,195534,5
2021-05-23,1,0,58490,5
2021-05-24,0,0,0,5
2021-05-25,0,0,0,5
2021-05-26,0,0,0,5
2021-05-27,5,20294,230022,5
2021-05-28,3,20294,171821,5
2021-05-29,6,252691,148923,5
2021-05-30,3,20294,179633,5
2021-05-31,6,91090,101237,5
2021-06-01,2,72258,79071,6
2021-06-02,2,20294,91195,6
2021-06-03,4,165720,30399,6
2021-06-04,5,0,237986,6
2021-06-05,1,0,52885,6
2021-06-06,5,684,221668,6
2021-06-07,6,211831,84636,6
2021-06-08,4,104848,118659,6
2021-06-09,1,0,64785,6
2021-06-10,2,95767,0,6
2021-06-11,3,40589,91062,6
2021-06-12,3,40589,60799,6
2021-06-13,2,20294,97737,6
2021-06-14,4,93725,238851,6
2021-06-15,3,152433,30399,6
2021-06-16,4,678,128875,6
2021-06-17,3,0,91775,6
2021-06-18,4,40589,114871,6
2021-06-19,3,20294,127164,6
2021-06-20,6,156797,164826,6
2021-06-21,3,78337,46736,6
2021-06-22,3,0,157041,6
2021-06-23,5,106031,71054,6
2021-06-24,2,1366,54993,6
2021-06-25,3,20294,79952,6
2021-06-26,0,0,0,6
2021-06-27,3,93363,30399,6
2021-06-28,5,71831,158916,6
2021-06-29,4,58123,82120,6
2021-06-30,5,92365,210151,6
2021-07-01,2,20294,91360,7
2021-07-02,5,40589,163278,7
2021-07-03,3,22328,125367,7
2021-07-04,2,0,58573,7
2021-07-05,5,80664,140306,7
2021-07-06,5,143738,959,7
2021-07-07,6,75417,126536,7
2021-07-08,2,74036,16551,7
2021-07-09,3,0,117763,7
2021-07-10,6,72219,189308,7
2021-07-11,3,28566,124193,7
2021-07-12,4,20294,143149,7
2021-07-13,3,29785,71994,7
2021-07-14,4,81179,121599,7
2021-07-15,1,20294,30399,7
2021-07-16,1,20294,30399,7
2021-07-17,2,21251,30399,7
2021-07-18,6,173661,182475,7
2021-07-19,1,78369,0,7
2021-07-20,4,4453,100930,7
2021-07-21,2,90952,0,7
2021-07-22,3,20294,85068,7
2021-07-23,4,78303,112186,7
2021-07-24,3,0,122997,7
2021-07-25,5,40589,224692,7
2021-07-26,0,0,0,7
2021-07-27,5,59831,86594,7
2021-07-28,2,48481,30399,7
2021-07-29,3,99155,39857,7
2021-07-30,4,40589,163054,7
2021-07-31,3,72040,0,7
2021-08-01,2,78912,72897,8
2021-08-02,3,37492,79374,8
2021-08-03,4,40589,60799,8
2021-08-04,4,212235,60909,8
2021-08-05,3,20294,78891,8
2021-08-06,4,141791,62787,8
2021-08-07,2,20294,101454,8
2021-08-08,3,3485,41326,8
2021-08-09,2,60806,71664,8
2021-08-10,3,13855,19413,8
2021-08-11,4,60884,161252,8
2021-08-12,2,94557,49420,8
2021-08-13,2,98125,30399,8
2021-08-14,3,9992,117142,8
2021-08-15,1,20294,30399,8
2021-08-16,0,0,0,8
2021-08-17,1,0,32228,8
2021-08-18,2,20294,76162,8
2021-08-19,3,62451,103571,8
2021-08-20,3,171904,30399,8
2021-08-21,1,0,6691,8
2021-08-22,1,49043,0,8
2021-08-23,4,111481,125430,8
2021-08-24,2,59024,30399,8
2021-08-25,1,0,32613,8
2021-08-26,3,99852,41145,8
2021-08-27,3,42156,25007,8
2021-08-28,3,0,162536,8
2021-08-29,3,0,172198,8
2021-08-30,3,60890,148481,8
2021-08-31,4,40589,166799,8
2021-09-01,2,20294,81446,9
2021-09-02,3,94719,71747,9
2021-09-03,1,20294,30399,9
2021-09-04,4,81377,84638,9
2021-09-05,4,60884,161252,9
2021-09-06,3,20294,147204,9
2021-09-07,2,0,51064,9
2021-09-08,2,39735,23681,9
2021-09-09,1,67271,0,9
2021-09-10,4,76292,71054,9
2021-09-11,2,20294,30399,9
2021-09-12,1,0,69682,9
2021-09-13,1,20294,30399,9
2021-09-14,4,20294,220620,9
2021-09-15,1,0,18042,9
2021-09-16,1,0,71664,9
2021-09-17,4,99562,52110,9
2021-09-18,1,78908,0,9
2021-09-19,2,51170,71747,9
2021-09-20,1,54328,0,9
2021-09-21,0,0,0,9
2021-09-22,4,80746,106037,9
2021-09-23,1,23056,0,9
2021-09-24,2,74071,27029,9
2021-09-25,3,54539,105760,9
2021-09-26,1,80579,0,9
2021-09-27,5,113832,70367,9
2021-09-28,3,52604,30399,9
2021-09-29,2,20294,85092,9
2021-09-30,1,0,50135,9
2021-10-01,4,169037,101454,10
2021-10-02,1,0,0,10
2021-10-03,3,106813,27514,10
2021-10-04,2,20294,83422,10
2021-10-05,5,99524,177678,10
2021-10-06,3,40589,81558,10
2021-10-07,4,139006,30399,10
2021-10-08,4,125242,104026,10
2021-10-09,2,104418,0,10
2021-10-10,0,0,0,10
2021-10-11,4,151033,39700,10
2021-10-12,3,98973,109420,10
2021-10-13,6,104997,166968,10
2021-10-14,2,29381,30399,10
2021-10-15,2,20294,101822,10
2021-10-16,4,60884,162864,10
2021-10-17,2,20294,41364,10
2021-10-18,5,40589,251269,10
2021-10-19,0,0,0,10
2021-10-20,2,20294,62885,10
2021-10-21,5,269819,100082,10
2021-10-22,1,0,0,10
2021-10-23,4,98543,121831,10
2021-10-24,3,73412,108226,10
2021-10-25,6,99385,250779,10
2021-10-26,3,20503,106097,10
2021-10-27,2,100020,0,10
2021-10-28,6,99397,256371,10
2021-10-29,0,0,0,10
2021-10-30,2,20294,101822,10
2021-10-31,5,206198,0,10
2021-11-01,4,77064,131854,11
2021-11-02,1,0,1392,11
2021-11-03,3,20294,102064,11
2021-11-04,2,0,73005,11
2021-11-05,2,20294,109271,11
2021-11-06,5,137647,107328,11
2021-11-07,2,75919,0,11
2021-11-08,3,68603,51842,11
2021-11-09,2,133988,0,11
2021-11-10,6,71442,106097,11
2021-11-11,2,40589,60799,11
2021-11-12,7,104108,211420,11
2021-11-13,2,80189,27971,11
2021-11-14,2,42163,50135,11
2021-11-15,2,20294,79339,11
2021-11-16,3,47530,102308,11
2021-11-17,3,20294,104026,11
2021-11-18,2,0,70367,11
2021-11-19,0,0,0,11
2021-11-20,5,79374,134099,11
2021-11-21,2,20294,63599,11
2021-11-22,3,167722,30399,11
2021-11-23,2,20294,101353,11
2021-11-24,1,0,131328,11
2021-11-25,3,79495,120767,11
2021-11-26,5,70918,126200,11
2021-11-27,3,0,186771,11
2021-11-28,7,272615,143170,11
2021-11-29,1,0,24924,11
2021-11-30,4,92083,75425,11
2021-12-01,4,39423,167061,12
2021-12-02,3,39416,30399,12
2021-12-03,1,0,60443,12
2021-12-04,0,0,0,12
2021-12-05,0,0,0,12
2021-12-06,9,218522,157538,12
2021-12-07,4,131283,84036,12
2021-12-08,3,98841,100082,12
2021-12-09,3,78562,104583,12
2021-12-10,2,78228,54817,12
2021-12-11,6,115260,222626,12
2021-12-12,3,150787,55766,12
2021-12-13,4,0,231811,12
2021-12-14,4,153821,101454,12
2021-12-15,2,70657,77441,12
2021-12-16,3,61906,30399,12
2021-12-17,4,20294,223158,12
2021-12-18,3,57194,14137,12
2021-12-19,5,150514,220913,12
2021-12-20,3,51721,127222,12
2021-12-21,6,128226,202480,12
2021-12-22,4,78706,193643,12
2021-12-23,3,33284,144125,12
2021-12-24,2,0,131649,12
2021-12-25,2,0,112892,12
2021-12-26,5,45425,165201,12
2021-12-27,4,99330,148425,12
2021-12-28,3,139214,30399,12
2021-12-29,3,0,108855,12
2021-12-30,6,132786,152774,12
2021-12-31,4,96357,131159,12
2022-01-01,6,78777,238876,1
2022-01-02,6,64800,104920,1
2022-01-03,3,145628,71664,1
2022-01-04,3,60514,77654,1
2022-01-05,5,0,202337,1
2022-01-06,4,192708,55704,1
2022-01-07,5,109655,134842,1
2022-01-08,5,0,296546,1
2022-01-09,4,230724,72866,1
2022-01-10,6,67045,173553,1
2022-01-11,5,24983,201731,1
2022-01-12,5,210356,72629,1
2022-01-13,1,20294,30399,1
2022-01-14,3,20294,171036,1
2022-01-15,1,0,54767,1
2022-01-16,2,0,113220,1
2022-01-17,4,15133,107843,1
2022-01-18,5,230641,88788,1
2022-01-19,3,0,67305,1
2022-01-20,3,0,181670,1
2022-01-21,5,156936,175115,1
2022-01-22,3,54825,90415,1
2022-01-23,5,31699,299612,1
2022-01-24,4,110549,124226,1
2022-01-25,4,49166,190515,1
2022-01-26,4,585,180484,1
2022-01-27,6,96094,198561,1
2022-01-28,1,0,67855,1
2022-01-29,3,0,136300,1
2022-01-30,5,117851,208248,1
2022-01-31,4,58494,180745,1
2022-02-01,3,0,158435,2
2022-02-02,3,40589,136661,2
2022-02-03,5,122544,217254,2
2022-02-04,2,0,108039,2
2022-02-05,4,28085,133174,2
2022-02-06,4,79537,199190,2
2022-02-07,3,98344,70953,2
2022-02-08,3,71834,98722,2
2022-02-09,7,197471,175036,2
2022-02-10,2,78899,64162,2
2022-02-11,5,20294,156393,2
2022-02-12,2,20294,35354,2
2022-02-13,6,176437,201063,2
2022-02-14,4,40589,150787,2
2022-02-15,3,0,244270,2
2022-02-16,3,56494,84333,2
2022-02-17,6,219096,69682,2
2022-02-18,2,0,101140,2
2022-02-19,1,0,71054,2
2022-02-20,5,0,221679,2
2022-02-21,6,79210,273518,2
2022-02-22,5,161918,93849,2
2022-02-23,2,23373,60741,2
2022-02-24,8,127126,301324,2
2022-02-25,2,20294,80452,2
2022-02-26,4,133302,105540,2
2022-02-27,5,165682,179799,2
2022-02-28,5,77215,210160,2
2022-03-01,4,78003,240007,3
2022-03-02,5,172038,78644,3
2022-03-03,3,78134,105095,3
2022-03-04,6,107161,249177,3
2022-03-05,3,0,273483,3
2022-03-06,3,20639,170502,3
2022-03-07,6,268176,60698,3
2022-03-08,5,137376,130638,3
2022-03-09,3,54373,149406,3
2022-03-10,4,153200,41523,3
2022-03-11,6,49697,291288,3
2022-03-12,4,108870,80452,3
2022-03-13,4,66066,202549,3
2022-03-14,6,191892,256752,3
2022-03-15,2,0,143324,3
2022-03-16,4,33193,133717,3
2022-03-17,5,0,286083,3
2022-03-18,7,60400,211298,3
2022-03-19,2,39235,70953,3
2022-03-20,4,79403,132934,3
2022-03-21,4,77604,107094,3
2022-03-22,4,26103,289128,3
2022-03-23,2,93986,30399,3
2022-03-24,7,78913,305425,3
2022-03-25,2,0,103600,3
2022-03-26,6,222521,193776,3
2022-03-27,7,93205,320903,3
2022-03-28,1,0,53349,3
2022-03-29,6,88168,274453,3
2022-03-30,3,177503,30399,3
2022-03-31,2,0,105325,3
2022-04-01,4,2785,228328,4
2022-04-02,4,73622,113260,4
2022-04-03,6,112570,261425,4
2022-04-04,4,0,185938,4
2022-04-05,6,229250,59952,4
2022-04-06,2,0,124318,4
2022-04-07,5,120672,142215,4
2022-04-08,7,120288,148478,4
2022-04-09,4,15376,188045,4
2022-04-10,3,77438,39251,4
2022-04-11,3,0,271764,4
2022-04-12,7,157312,200358,4
2022-04-13,3,0,264563,4
2022-04-14,5,172247,171530,4
2022-04-15,1,20294,30399,4
2022-04-16,5,132071,199619,4
2022-04-17,4,68577,185041,4
2022-04-18,7,198897,241416,4
2022-04-19,4,20294,205188,4
2022-04-20,5,193351,162197,4
2022-04-21,6,118107,162019,4
2022-04-22,5,99696,222638,4
2022-04-23,2,0,117872,4
2022-04-24,7,115205,263995,4
2022-04-25,6,98993,215295,4
2022-04-26,2,0,101431,4
2022-04-27,8,241175,296506,4
2022-04-28,4,99152,184389,4
2022-04-29,4,133982,128402,4
2022-04-30,6,74708,239015,4
2022-05-01,4,71065,177402,5
2022-05-02,5,107971,72569,5
2022-05-03,2,0,121296,5
2022-05-04,3,155701,128674,5
2022-05-05,3,78619,148001,5
2022-05-06,6,159149,284323,5
2022-05-07,4,47565,209758,5
2022-05-08,2,0,67337,5
2022-05-09,8,194162,173790,5
2022-05-10,4,20294,168866,5
2022-05-11,2,0,83199,5
2022-05-12,2,57176,0,5
2022-05-13,8,99646,401920,5
2022-05-14,1,0,33974,5
2022-05-15,2,60396,71078,5
2022-05-16,5,80859,181536,5
2022-05-17,3,6122,61872,5
2022-05-18,6,96723,283117,5
2022-05-19,1,24259,0,5
2022-05-20,7,20294,451422,5
2022-05-21,2,53692,54629,5
2022-05-22,3,16187,144431,5
2022-05-23,3,28834,124122,5
2022-05-24,4,28139,73553,5
2022-05-25,6,81553,275631,5
2022-05-26,6,167364,162947,5
2022-05-27,5,114526,95770,5
2022-05-28,5,4580,198634,5
2022-05-29,3,167171,0,5
2022-05-30,4,55285,116563,5
2022-05-31,6,128243,155715,5
2022-06-01,4,79374,168434,6
2022-06-02,6,160706,163771,6
2022-06-03,4,135008,75355,6
2022-06-04,5,151945,173085,6
2022-06-05,9,32293,344951,6
2022-06-06,5,189493,140572,6
2022-06-07,4,0,240618,6
2022-06-08,3,180727,4602,6
2022-06-09,4,55825,129672,6
2022-06-10,4,78759,177669,6
2022-06-11,3,161381,70321,6
2022-06-12,4,103529,146263,6
2022-06-13,4,56198,54629,6
2022-06-14,6,20294,315907,6
2022-06-15,4,73125,201553,6
2022-06-16,2,26004,77786,6
2022-06-17,5,115935,157200,6
2022-06-18,3,142067,17581,6
2022-06-19,3,56375,128674,6
2022-06-20,1,0,9628,6
2022-06-21,6,161556,281796,6
2022-06-22,6,95812,186912,6
2022-06-23,3,0,193044,6
2022-06-24,3,43534,151678,6
2022-06-25,1,78873,0,6
2022-06-26,4,40529,171755,6
2022-06-27,3,106690,0,6
2022-06-28,5,107685,230949,6
2022-06-29,4,77363,182472,6
2022-06-30,5,117830,167039,6
2022-07-01,4,104656,108140,7
2022-07-02,3,35249,196652,7
2022-07-03,5,80317,143646,7
2022-07-04,6,101053,214014,7
2022-07-05,3,78076,79451,7
2022-07-06,4,162510,83662,7
2022-07-07,2,0,199628,7
2022-07-08,6,114233,153352,7
2022-07-09,2,63134,30399,7
2022-07-10,4,78953,148647,7
2022-07-11,2,0,94156,7
2022-07-12,5,188604,157539,7
2022-07-13,6,138701,228116,7
2022-07-14,2,4750,77625,7
2022-07-15,2,0,54240,7
2022-07-16,1,23736,0,7
2022-07-17,6,155805,162174,7
2022-07-18,2,0,44676,7
2022-07-19,2,0,58600,7
2022-07-20,4,45036,132083,7
2022-07-21,2,35242,72498,7
2022-07-22,3,29293,97337,7
2022-07-23,5,217966,124956,7
2022-07-24,5,137681,101134,7
2022-07-25,3,78788,126599,7
2022-07-26,5,127083,147420,7
2022-07-27,2,78753,72500,7
2022-07-28,4,41827,243521,7
2022-07-29,5,97832,170356,7
2022-07-30,1,37032,0,7
2022-07-31,8,98905,313526,7
2022-08-01,4,156266,71664,8
2022-08-02,7,167158,152154,8
2022-08-03,3,99057,114744,8
2022-08-04,3,89027,0,8
2022-08-05,4,38839,152231,8
2022-08-06,6,76730,273153,8
2022-08-07,4,102826,70737,8
2022-08-08,4,0,362502,8
2022-08-09,0,0,0,8
2022-08-10,1,0,35738,8
2022-08-11,8,52088,348983,8
2022-08-12,4,45247,103107,8
2022-08-13,1,0,22041,8
2022-08-14,5,98349,185074,8
2022-08-15,4,76641,143736,8
2022-08-16,2,0,80999,8
2022-08-17,4,171675,49602,8
2022-08-18,7,97070,179356,8
2022-08-19,1,33110,0,8
2022-08-20,5,78235,134528,8
2022-08-21,7,133713,205631,8
2022-08-22,0,0,0,8
2022-08-23,4,161085,78067,8
2022-08-24,6,224080,67572,8
2022-08-25,4,20294,188874,8
2022-08-26,1,0,70000,8
2022-08-27,7,156910,133750,8
2022-08-28,4,61764,157369,8
2022-08-29,1,0,52066,8
2022-08-30,5,78651,207793,8
2022-08-31,2,112070,58257,8
2022-09-01,5,53030,235208,9
2022-09-02,4,180545,60799,9
2022-09-03,2,72695,54240,9
2022-09-04,2,73654,75262,9
2022-09-05,2,0,145177,9
2022-09-06,0,0,0,9
2022-09-07,5,73171,219613,9
2022-09-08,2,79938,51233,9
2022-09-09,4,110151,70052,9
2022-09-10,5,150522,134830,9
2022-09-11,4,111897,91475,9
2022-09-12,2,117985,0,9
2022-09-13,1,56247,0,9
2022-09-14,2,84839,126969,9
2022-09-15,3,80660,102064,9
2022-09-16,4,58891,37987,9
2022-09-17,4,48480,30942,9
2022-09-18,4,152101,44053,9
2022-09-19,5,141402,128683,9
2022-09-20,2,75731,54240,9
2022-09-21,3,95625,30399,9
2022-09-22,1,0,78613,9
2022-09-23,9,193192,245821,9
2022-09-24,2,72322,0,9
2022-09-25,2,63720,0,9
2022-09-26,6,161673,170972,9
2022-09-27,3,174701,0,9
2022-09-28,6,137115,135616,9
2022-09-29,2,53333,71527,9
2022-09-30,6,154686,234187,9
2022-10-01,2,53266,73202,10
2022-10-02,3,55644,118805,10
2022-10-03,3,71165,69956,10
2022-10-04,2,9895,54240,10
2022-10-05,2,87150,0,10
2022-10-06,1,0,73140,10
2022-10-07,3,98469,99337,10
2022-10-08,2,20294,50621,10
2022-10-09,3,78487,73171,10
2022-10-10,3,37741,133534,10
2022-10-11,4,78151,158428,10
2022-10-12,5,111091,681,10
2022-10-13,5,114185,155638,10
2022-10-14,0,0,0,10
2022-10-15,2,25647,0,10
2022-10-16,4,113929,184079,10
2022-10-17,4,80622,105578,10
2022-10-18,0,0,0,10
2022-10-19,5,34885,227681,10
2022-10-20,3,54168,109176,10
2022-10-21,2,55690,54724,10
2022-10-22,2,45674,30399,10
2022-10-23,1,41827,0,10
2022-10-24,2,140187,0,10
2022-10-25,3,72030,87440,10
2022-10-26,1,1189,0,10
2022-10-27,4,80259,39419,10
2022-10-28,4,89575,110256,10
2022-10-29,5,125837,158296,10
2022-10-30,2,0,122264,10
2022-10-31,2,55114,30399,10
2022-11-01,3,79324,196557,11
2022-11-02,2,151499,0,11
2022-11-03,2,0,77604,11
2022-11-04,4,127264,95661,11
2022-11-05,4,20294,212555,11
2022-11-06,4,43360,34569,11
2022-11-07,2,50435,0,11
2022-11-08,2,61773,30399,11
2022-11-09,4,71520,113209,11
2022-11-10,3,71014,108557,11
2022-11-11,3,63796,60799,11
2022-11-12,1,20294,30399,11
2022-11-13,0,0,0,11
2022-11-14,4,298231,0,11
2022-11-15,3,33199,87532,11
2022-11-16,2,43490,148279,11
2022-11-17,2,98422,0,11
2022-11-18,6,26135,274567,11
2022-11-19,1,137547,0,11
2022-11-20,1,57121,0,11
2022-11-21,5,40729,181888,11
2022-11-22,6,120983,180001,11
2022-11-23,1,0,64844,11
2022-11-24,3,0,81773,11
2022-11-25,2,74643,33199,11
2022-11-26,7,104777,253957,11
2022-11-27,2,78676,128592,11
2022-11-28,2,73165,73171,11
2022-11-29,2,39106,0,11
2022-11-30,2,117,73626,11
2022-12-01,1,0,58448,12
2022-12-02,4,98870,84156,12
2022-12-03,2,66294,0,12
2022-12-04,3,0,56339,12
2022-12-05,4,142597,60799,12
2022-12-06,4,1630,165881,12
2022-12-07,4,40589,136061,12
2022-12-08,5,74432,103571,12
2022-12-09,2,20294,30399,12
2022-12-10,3,40589,119263,12
2022-12-11,2,73240,30399,12
2022-12-12,6,187671,220391,12
2022-12-13,5,172008,78698,12
2022-12-14,3,98543,100766,12
2022-12-15,2,20294,83733,12
2022-12-16,1,0,82332,12
2022-12-17,3,20294,88661,12
2022-12-18,4,112286,60756,12
2022-12-19,7,192832,192462,12
2022-12-20,3,79881,151259,12
2022-12-21,5,129790,180234,12
2022-12-22,4,120503,60799,12
2022-12-23,4,174503,111091,12
2022-12-24,5,71482,91560,12
2022-12-25,3,0,179498,12
2022-12-26,5,73460,286968,12
2022-12-27,3,192327,71422,12
2022-12-28,3,78713,66955,12
2022-12-29,3,40589,93999,12
2022-12-30,2,0,106545,12
2022-12-31,2,20294,106864,12
2023-01-01,4,164055,78424,1
2023-01-02,4,176959,82785,1
2023-01-03,2,36938,30399,1
2023-01-04,6,20294,229463,1
2023-01-05,2,77037,53165,1
2023-01-06,4,85159,87919,1
2023-01-07,4,101242,81583,1
2023-01-08,4,79086,41150,1
2023-01-09,5,210424,60851,1
2023-01-10,5,228695,108746,1
2023-01-11,3,0,109430,1
2023-01-12,3,79073,146037,1
2023-01-13,3,73522,89167,1
2023-01-14,4,0,279878,1
2023-01-15,3,68734,63599,1
2023-01-16,4,134486,99585,1
2023-01-17,4,20294,207937,1
2023-01-18,3,0,154109,1
2023-01-19,8,156894,159483,1
2023-01-20,4,61955,104254,1
2023-01-21,6,41688,139042,1
2023-01-22,1,0,51233,1
2023-01-23,5,68782,181578,1
2023-01-24,3,93194,0,1
2023-01-25,4,109169,81518,1
2023-01-26,5,166224,80032,1
2023-01-27,3,30356,120945,1
2023-01-28,3,139430,55629,1
2023-01-29,6,151477,158889,1
2023-01-30,3,78860,88946,1
2023-01-31,2,0,70131,1
2023-02-01,4,168596,135833,2
2023-02-02,1,0,71881,2
2023-02-03,10,154753,256656,2
2023-02-04,2,74141,70367,2
2023-02-05,3,0,168439,2
2023-02-06,3,137329,28628,2
2023-02-07,2,0,168355,2
2023-02-08,4,48006,164578,2
2023-02-09,2,22428,55673,2
2023-02-10,1,0,50822,2
2023-02-11,4,71378,198412,2
2023-02-12,2,98505,30399,2
2023-02-13,4,104463,101507,2
2023-02-14,2,76408,51082,2
2023-02-15,4,148394,0,2
2023-02-16,1,0,78783,2
2023-02-17,2,42372,56415,2
2023-02-18,2,15513,31141,2
2023-02-19,2,91349,30399,2
2023-02-20,3,73912,124107,2
2023-02-21,6,194208,106435,2
2023-02-22,7,149315,275831,2
2023-02-23,1,0,69682,2
2023-02-24,2,0,79744,2
2023-02-25,2,150669,0,2
2023-02-26,3,54305,84640,2
2023-02-27,1,20294,30399,2
2023-02-28,2,0,54339,2
2023-03-01,2,73548,2003,3
2023-03-02,3,75363,98256,3
2023-03-03,2,71395,73171,3
2023-03-04,3,78953,123374,3
2023-03-05,1,0,24605,3
2023-03-06,5,53478,219042,3
2023-03-07,1,0,77370,3
2023-03-08,4,147362,128460,3
2023-03-09,4,105781,128282,3
2023-03-10,3,40589,89428,3
2023-03-11,0,0,0,3
2023-03-12,1,146928,0,3
2023-03-13,2,20294,155356,3
2023-03-14,5,77735,159348,3
2023-03-15,3,0,153369,3
2023-03-16,4,8924,183679,3
2023-03-17,0,0,0,3
2023-03-18,1,60608,0,3
2023-03-19,6,60884,244005,3
2023-03-20,0,0,0,3
2023-03-21,1,20294,30399,3
2023-03-22,1,0,60566,3
2023-03-23,3,178067,30399,3
2023-03-24,3,99065,0,3
2023-03-25,2,0,147929,3
2023-03-26,2,27051,47931,3
2023-03-27,2,20294,130522,3
2023-03-28,3,77193,30399,3
2023-03-29,4,99920,78478,3
2023-03-30,3,0,204728,3
2023-03-31,1,72581,0,3
2023-04-01,2,0,127911,4
2023-04-02,2,0,98166,4
2023-04-03,4,136454,58837,4
2023-04-04,2,105152,0,4
2023-04-05,1,54788,0,4
2023-04-06,5,156560,172863,4
2023-04-07,1,78337,0,4
2023-04-08,2,20294,103266,4
2023-04-09,4,153051,73055,4
2023-04-10,2,53280,0,4
2023-04-11,2,0,136183,4
2023-04-12,3,14598,71881,4
2023-04-13,6,108315,245001,4
2023-04-14,2,0,128004,4
2023-04-15,1,0,55567,4
2023-04-16,4,20294,198039,4
2023-04-17,1,0,69844,4
2023-04-18,3,99280,83670,4
2023-04-19,3,20294,133806,4
2023-04-20,2,78598,53420,4
2023-04-21,2,31141,50822,4
2023-04-22,5,78898,185545,4
2023-04-23,2,74223,348,4
2023-04-24,5,70617,126072,4
2023-04-25,4,84897,102281,4
2023-04-26,4,191885,53517,4
2023-04-27,5,119788,174335,4
2023-04-28,4,81050,117768,4
2023-04-29,1,0,31141,4
2023-04-30,3,57145,112210,4
2023-05-01,3,20294,106983,5
2023-05-02,1,0,29146,5
2023-05-03,3,60570,51015,5
2023-05-04,1,78665,0,5
2023-05-05,3,164306,30399,5
2023-05-06,1,20294,30399,5
2023-05-07,3,181617,0,5
2023-05-08,1,35922,0,5
2023-05-09,2,20294,90372,5
2023-05-10,2,71580,79074,5
2023-05-11,6,127367,203249,5
2023-05-12,1,0,0,5
2023-05-13,1,72581,0,5
2023-05-14,0,0,0,5
2023-05-15,2,20294,79199,5
2023-05-16,1,72030,0,5
2023-05-17,2,0,41321,5
2023-05-18,4,0,77731,5
2023-05-19,3,40589,110753,5
2023-05-20,3,101678,78896,5
2023-05-21,0,0,0,5
2023-05-22,3,153134,0,5
2023-05-23,1,0,54103,5
2023-05-24,6,184058,162283,5
2023-05-25,4,40589,202364,5
2023-05-26,5,78917,299979,5
2023-05-27,2,0,113808,5
2023-05-28,3,20294,194135,5
2023-05-29,2,78039,73171,5
2023-05-30,1,20294,30399,5
2023-05-31,3,29772,151164,5
2023-06-01,3,105121,0,6
2023-06-02,3,52522,111080,6
2023-06-03,3,56047,64577,6
2023-06-04,3,203969,68997,6
2023-06-05,2,28557,59874,6
2023-06-06,3,57993,71402,6
2023-06-07,2,0,48486,6
2023-06-08,2,20294,56041,6
2023-06-09,1,78577,0,6
2023-06-10,0,0,0,6
2023-06-11,1,0,74468,6
2023-06-12,6,288462,27132,6
2023-06-13,3,0,193117,6
2023-06-14,1,42166,0,6
2023-06-15,4,144548,105053,6
2023-06-16,4,30313,179282,6
2023-06-17,4,121096,89702,6
2023-06-18,0,0,0,6
2023-06-19,7,103615,230957,6
2023-06-20,5,78622,169233,6
2023-06-21,3,20294,157665,6
2023-06-22,4,51321,88982,6
2023-06-23,3,116245,67271,6
2023-06-24,3,20294,159632,6
2023-06-25,1,20294,30399,6
2023-06-26,1,87033,0,6
2023-06-27,1,0,54395,6
2023-06-28,4,87847,84118,6
2023-06-29,3,60490,100766,6
2023-06-30,7,139354,231126,6
2023-07-01,2,78821,71881,7
2023-07-02,2,0,80251,7
2023-07-03,1,0,29406,7
2023-07-04,7,224781,181660,7
2023-07-05,6,63564,142257,7
2023-07-06,2,20294,104827,7
2023-07-07,4,252095,30399,7
2023-07-08,3,72591,147715,7
2023-07-09,3,20294,173274,7
2023-07-10,2,41968,72430,7
2023-07-11,4,140179,155356,7
2023-07-12,6,90305,269318,7
2023-07-13,3,40589,137015,7
2023-07-14,3,73707,119646,7
2023-07-15,2,0,70131,7
2023-07-16,2,20294,57000,7
2023-07-17,2,0,81689,7
2023-07-18,2,44898,30399,7
2023-07-19,5,54410,164230,7
2023-07-20,4,116735,107107,7
2023-07-21,2,49806,24270,7
2023-07-22,1,20294,30399,7
2023-07-23,0,0,0,7
2023-07-24,5,51470,117744,7
2023-07-25,1,20294,30399,7
2023-07-26,3,85807,71881,7
2023-07-27,1,0,71054,7
2023-07-28,3,35711,119154,7
2023-07-29,5,42396,122015,7
2023-07-30,3,62723,88081,7
2023-07-31,2,11828,70367,7
2023-08-01,1,0,73055,8
2023-08-02,3,46502,79921,8
2023-08-03,2,131747,0,8
2023-08-04,3,115986,0,8
2023-08-05,3,20294,162981,8
2023-08-06,1,83657,0,8
2023-08-07,3,0,133305,8
2023-08-08,2,80889,0,8
2023-08-09,4,20294,292454,8
2023-08-10,5,52289,220997,8
2023-08-11,1,0,68997,8
2023-08-12,5,40589,280249,8
2023-08-13,1,0,55766,8
2023-08-14,3,23914,30605,8
2023-08-15,2,0,128567,8
2023-08-16,1,0,48671,8
2023-08-17,5,94911,171770,8
2023-08-18,4,0,148944,8
2023-08-19,2,20294,102147,8
2023-08-20,2,0,1167,8
2023-08-21,2,20294,100082,8
2023-08-22,2,59398,52177,8
2023-08-23,4,48004,105059,8
2023-08-24,2,0,87029,8
2023-08-25,1,0,55766,8
2023-08-26,3,40589,133650,8
2023-08-27,1,0,59222,8
2023-08-28,3,87574,70882,8
2023-08-29,3,74412,71881,8
2023-08-30,2,0,88707,8
2023-08-31,5,73541,201813,8
2023-09-01,2,78434,69682,9
2023-09-02,2,0,110522,9
2023-09-03,6,122149,217565,9
2023-09-04,4,76757,248758,9
2023-09-05,3,20294,119023,9
2023-09-06,1,79329,0,9
2023-09-07,3,135303,71881,9
2023-09-08,3,27800,53522,9
2023-09-09,5,74926,143334,9
2023-09-10,1,0,70367,9
2023-09-11,2,0,110837,9
2023-09-12,2,54006,71664,9
2023-09-13,2,0,178189,9
2023-09-14,1,0,28460,9
2023-09-15,3,53165,146944,9
2023-09-16,2,20294,64374,9
2023-09-17,1,974,0,9
2023-09-18,0,0,0,9
2023-09-19,1,0,71051,9
2023-09-20,3,81562,126399,9
2023-09-21,2,0,131849,9
2023-09-22,4,109304,109261,9
2023-09-23,2,40589,60799,9
2023-09-24,0,0,0,9
2023-09-25,3,82814,54280,9
2023-09-26,3,120074,30399,9
2023-09-27,2,20294,155356,9
2023-09-28,1,0,27542,9
2023-09-29,5,93656,170627,9
2023-09-30,3,43620,70034,9
2023-10-01,3,58657,61380,10
2023-10-02,0,0,0,10
2023-10-03,1,54845,0,10
2023-10-04,2,59561,42219,10
2023-10-05,2,40589,60799,10
2023-10-06,2,20294,86195,10
2023-10-07,0,0,0,10
2023-10-08,1,20294,30399,10
2023-10-09,1,0,70367,10
2023-10-10,3,20294,131089,10
2023-10-11,1,0,60885,10
2023-10-12,4,176897,127838,10
2023-10-13,2,25381,18071,10
2023-10-14,2,77182,53037,10
2023-10-15,2,30260,0,10
2023-10-16,3,906,88640,10
2023-10-17,2,0,135296,10
2023-10-18,3,0,83739,10
2023-10-19,3,73966,84894,10
2023-10-20,1,20294,30399,10
2023-10-21,4,80136,91503,10
2023-10-22,1,0,55603,10
2023-10-23,0,0,0,10
2023-10-24,4,118135,60799,10
2023-10-25,2,109176,0,10
2023-10-26,0,0,0,10
2023-10-27,5,206145,80419,10
2023-10-28,1,0,49744,10
2023-10-29,4,0,179231,10
2023-10-30,1,0,78424,10
2023-10-31,2,0,49795,10
2023-11-01,3,20294,108467,11
2023-11-02,2,150637,0,11
2023-11-03,2,99193,30399,11
2023-11-04,1,31474,0,11
2023-11-05,1,0,54513,11
2023-11-06,5,132727,175950,11
2023-11-07,3,58994,25702,11
2023-11-08,4,109577,125268,11
2023-11-09,3,76521,30399,11
2023-11-10,3,34725,54428,11
2023-11-11,6,78418,201191,11
2023-11-12,2,20294,99165,11
2023-11-13,3,129351,71664,11
2023-11-14,2,38982,30399,11
2023-11-15,0,0,0,11
2023-11-16,4,82037,60799,11
2023-11-17,2,20294,84728,11
2023-11-18,7,117971,234844,11
2023-11-19,2,72840,103507,11
2023-11-20,2,0,33890,11
2023-11-21,3,81102,102220,11
2023-11-22,1,0,56308,11
2023-11-23,5,112891,219438,11
2023-11-24,3,20294,139409,11
2023-11-25,4,191004,81990,11
2023-11-26,3,42504,108186,11
2023-11-27,2,0,157415,11
2023-11-28,3,66526,0,11
2023-11-29,4,140364,0,11
2023-11-30,3,54767,145153,11
2023-12-01,3,75676,30399,12
2023-12-02,1,27706,0,12
2023-12-03,5,137663,109094,12
2023-12-04,3,25075,91640,12
2023-12-05,4,61673,138243,12
2023-12-06,1,20294,30399,12
2023-12-07,1,0,77604,12
2023-12-08,0,0,0,12
2023-12-09,2,20294,58106,12
2023-12-10,4,53242,130912,12
2023-12-11,4,194121,68997,12
2023-12-12,1,0,72713,12
2023-12-13,4,0,225646,12
2023-12-14,1,2773,0,12
2023-12-15,5,63756,102060,12
2023-12-16,2,20294,103455,12
2023-12-17,2,20294,133882,12
2023-12-18,1,0,0,12
2023-12-19,2,77629,33199,12
2023-12-20,2,20294,88462,12
2023-12-21,0,0,0,12
2023-12-22,5,32480,219353,12
2023-12-23,5,93306,89888,12
2023-12-24,2,33918,68295,12
2023-12-25,5,69932,185260,12
2023-12-26,4,63134,157558,12
2023-12-27,3,28275,119085,12
2023-12-28,3,97343,28488,12
2023-12-29,2,0,123037,12
2023-12-30,4,224166,30399,12
2023-12-31,2,78890,58726,12
2024-01-01,7,223696,218703,1
2024-01-02,3,0,162472,1
2024-01-03,2,73165,103477,1
2024-01-04,3,61350,81570,1
2024-01-05,2,0,98496,1
2024-01-06,8,76267,241857,1
2024-01-07,2,20294,90988,1
2024-01-08,5,110961,137202,1
2024-01-09,6,52663,212239,1
2024-01-10,3,76743,71664,1
2024-01-11,4,61785,145601,1
2024-01-12,2,35654,72441,1
2024-01-13,4,20294,200639,1
2024-01-14,3,131775,34569,1
2024-01-15,2,20294,65440,1
2024-01-16,4,21868,150191,1
2024-01-17,3,20294,127684,1
2024-01-18,1,23339,0,1
2024-01-19,2,0,149119,1
2024-01-20,1,20294,30399,1
2024-01-21,2,40589,60799,1
2024-01-22,3,40589,103287,1
2024-01-23,3,33889,127001,1
2024-01-24,2,40589,60799,1
2024-01-25,3,40589,151863,1
2024-01-26,0,0,0,1
2024-01-27,5,155035,189124,1
2024-01-28,2,0,147587,1
2024-01-29,4,99367,163319,1
2024-01-30,1,20294,30399,1
2024-01-31,3,30249,30399,1
2024-02-01,5,81179,164670,2
2024-02-02,5,98255,133513,2
2024-02-03,2,20294,58225,2
2024-02-04,3,40589,115194,2
2024-02-05,1,61593,0,2
2024-02-06,4,149262,108467,2
2024-02-07,6,81863,176093,2
2024-02-08,3,20294,198009,2
2024-02-09,2,40589,60799,2
2024-02-10,4,117441,683,2
2024-02-11,4,40589,177087,2
2024-02-12,2,79264,61344,2
2024-02-13,3,40589,103287,2
2024-02-14,2,72030,4005,2
2024-02-15,1,20294,30399,2
2024-02-16,3,0,69199,2
2024-02-17,2,40362,30399,2
2024-02-18,3,0,128269,2
2024-02-19,4,93420,143241,2
2024-02-20,3,20294,153375,2
2024-02-21,4,47254,88161,2
2024-02-22,4,115964,105911,2
2024-02-23,1,0,79814,2
2024-02-24,2,40589,60799,2
2024-02-25,5,69301,150239,2
2024-02-26,2,0,164926,2
2024-02-27,4,40589,132951,2
2024-02-28,2,34051,0,2
2024-02-29,4,166985,60799,2
2024-03-01,3,20294,156327,3
2024-03-02,1,0,73951,3
2024-03-03,5,94774,169783,3
2024-03-04,0,0,0,3
2024-03-05,7,137732,191824,3
2024-03-06,1,0,73605,3
2024-03-07,2,0,124470,3
2024-03-08,3,119965,0,3
2024-03-09,4,34120,127144,3
2024-03-10,3,80676,69844,3
2024-03-11,5,101726,86022,3
2024-03-12,1,0,0,3
2024-03-13,3,20294,107836,3
2024-03-14,2,0,56454,3
2024-03-15,7,81252,221099,3
2024-03-16,1,2596,0,3
2024-03-17,1,20294,30399,3
2024-03-18,3,20294,138290,3
2024-03-19,1,43287,0,3
2024-03-20,4,40589,133645,3
2024-03-21,2,0,125298,3
2024-03-22,1,20294,30399,3
2024-03-23,4,40589,203578,3
2024-03-24,2,72179,77604,3
2024-03-25,1,20294,30399,3
2024-03-26,3,40589,60799,3
2024-03-27,3,30600,72713,3
2024-03-28,2,20294,90968,3
2024-03-29,3,77783,89129,3
2024-03-30,3,0,162801,3
2024-03-31,2,0,69682,3
2024-04-01,4,113105,82329,4
2024-04-02,3,25520,58485,4
2024-04-03,3,20294,113575,4
2024-04-04,5,108614,80074,4
2024-04-05,4,78848,113430,4
2024-04-06,3,47071,89176,4
2024-04-07,0,0,0,4
2024-04-08,4,42156,134148,4
2024-04-09,3,68243,30399,4
2024-04-10,4,70670,101451,4
2024-04-11,3,40589,60911,4
2024-04-12,1,20294,30399,4
2024-04-13,3,104302,51577,4
2024-04-14,4,199241,56375,4
2024-04-15,8,66858,295176,4
2024-04-16,3,40589,115617,4
2024-04-17,1,20294,30399,4
2024-04-18,4,60884,124811,4
2024-04-19,3,54956,124176,4
2024-04-20,5,22748,168648,4
2024-04-21,3,79533,146129,4
2024-04-22,5,186680,108977,4
2024-04-23,0,0,0,4
2024-04-24,2,34569,102530,4
2024-04-25,4,133867,40221,4
2024-04-26,5,76710,187534,4
2024-04-27,7,215997,121599,4
2024-04-28,2,20294,84889,4
2024-04-29,3,20294,151186,4
2024-04-30,4,81441,151097,4
2024-05-01,5,46716,221853,5
2024-05-02,2,167952,30399,5
2024-05-03,1,0,58750,5
2024-05-04,7,138565,116891,5
2024-05-05,1,1392,0,5
2024-05-06,5,118245,91199,5
2024-05-07,3,20294,182572,5
2024-05-08,5,96844,60799,5
2024-05-09,6,263701,137461,5
2024-05-10,3,58226,122040,5
2024-05-11,1,20294,30399,5
2024-05-12,3,20294,31077,5
2024-05-13,5,177050,82279,5
2024-05-14,2,24154,72448,5
2024-05-15,6,83771,84605,5
2024-05-16,5,20294,156679,5
2024-05-17,2,56452,53604,5
2024-05-18,5,40589,209611,5
2024-05-19,6,121870,162949,5
2024-05-20,3,188592,30399,5
2024-05-21,5,81182,195501,5
2024-05-22,2,78625,54784,5
2024-05-23,4,135239,128231,5
2024-05-24,6,120026,166603,5
2024-05-25,7,77065,143239,5
2024-05-26,1,20294,30399,5
2024-05-27,6,77431,270566,5
2024-05-28,6,178526,169855,5
2024-05-29,6,116865,199638,5
2024-05-30,4,83782,84501,5
2024-05-31,4,61043,148504,5
2024-06-01,4,119536,119500,6
2024-06-02,2,0,76844,6
2024-06-03,6,60884,192030,6
2024-06-04,3,73142,90968,6
2024-06-05,4,43869,147900,6
2024-06-06,5,121308,125558,6
2024-06-07,4,170634,122288,6
2024-06-08,5,131873,79235,6
2024-06-09,7,23288,316247,6
2024-06-10,4,40589,141778,6
2024-06-11,4,178002,30399,6
2024-06-12,3,23084,88282,6
2024-06-13,5,100596,148457,6
2024-06-14,6,126816,170836,6
2024-06-15,2,20294,56530,6
2024-06-16,2,99716,30399,6
2024-06-17,7,103256,202705,6
2024-06-18,3,170712,32150,6
2024-06-19,6,179400,101802,6
2024-06-20,5,109587,162511,6
2024-06-21,2,18808,44776,6
2024-06-22,5,145069,83796,6
2024-06-23,2,20294,102639,6
2024-06-24,6,60884,253705,6
2024-06-25,5,20294,180530,6
2024-06-26,6,40589,224275,6
2024-06-27,5,78703,140525,6
2024-06-28,3,21114,126716,6
2024-06-29,1,0,73814,6
2024-06-30,4,40589,129940,6
2024-07-01,5,47964,211576,7
2024-07-02,3,71975,68997,7
2024-07-03,4,60884,116152,7
2024-07-04,5,177203,96296,7
2024-07-05,3,91005,27706,7
2024-07-06,7,129953,113143,7
2024-07-07,4,98386,30399,7
2024-07-08,3,20294,188909,7
2024-07-09,3,0,152130,7
2024-07-10,2,56552,30399,7
2024-07-11,4,40589,169897,7
2024-07-12,5,67294,144220,7
2024-07-13,6,90232,128133,7
2024-07-14,7,272991,169624,7
2024-07-15,3,40589,118506,7
2024-07-16,7,84907,270175,7
2024-07-17,5,139521,145415,7
2024-07-18,2,30896,30399,7
2024-07-19,4,112410,83652,7
2024-07-20,4,40589,192412,7
2024-07-21,3,79289,63377,7
2024-07-22,7,210131,131266,7
2024-07-23,2,40589,60799,7
2024-07-24,7,40589,202249,7
2024-07-25,3,103923,73626,7
2024-07-26,3,77604,33214,7
2024-07-27,5,177198,103113,7
2024-07-28,7,113297,230878,7
2024-07-29,1,0,26523,7
2024-07-30,2,20294,108467,7
2024-07-31,2,20294,84843,7
2024-08-01,2,35031,73814,8
2024-08-02,4,146450,194135,8
2024-08-03,5,126091,168908,8
2024-08-04,4,60884,112747,8
2024-08-05,3,20294,158941,8
2024-08-06,4,43333,160668,8
2024-08-07,2,156648,70814,8
2024-08-08,6,95818,107100,8
2024-08-09,1,0,77215,8
2024-08-10,6,180867,153410,8
2024-08-11,2,0,136138,8
2024-08-12,2,103225,0,8
2024-08-13,4,54646,153211,8
2024-08-14,6,76320,270575,8
2024-08-15,1,79282,0,8
2024-08-16,1,60711,0,8
2024-08-17,1,0,42896,8
2024-08-18,3,96073,30673,8
2024-08-19,1,0,82466,8
2024-08-20,2,20294,30399,8
2024-08-21,1,20294,30399,8
2024-08-22,2,78300,42079,8
2024-08-23,2,20294,100244,8
2024-08-24,2,40589,60799,8
2024-08-25,3,56361,112588,8
2024-08-26,3,0,129210,8
2024-08-27,3,12941,34569,8
2024-08-28,3,74402,30399,8
2024-08-29,2,40589,60799,8
2024-08-30,3,40589,121760,8
2024-08-31,7,81179,271986,8
2024-09-01,3,105947,4018,9
2024-09-02,4,135709,91199,9
2024-09-03,4,21686,110766,9
2024-09-04,6,81870,147125,9
2024-09-05,1,20294,30399,9
2024-09-06,2,108548,70814,9
2024-09-07,4,96017,71628,9
2024-09-08,1,0,49683,9
2024-09-09,0,0,0,9
2024-09-10,8,210629,257587,9
2024-09-11,3,0,134058,9
2024-09-12,2,0,74021,9
2024-09-13,2,40589,60799,9
2024-09-14,3,132448,30399,9
2024-09-15,1,0,82978,9
2024-09-16,4,169674,66724,9
2024-09-17,4,61232,91199,9
2024-09-18,1,20294,30399,9
2024-09-19,4,20294,178017,9
2024-09-20,2,20294,59866,9
2024-09-21,3,99144,103494,9
2024-09-22,5,81179,193127,9
2024-09-23,2,40589,60799,9
2024-09-24,0,0,0,9
2024-09-25,1,63699,0,9
2024-09-26,6,161745,120472,9
2024-09-27,3,254288,0,9
2024-09-28,4,60884,121950,9
2024-09-29,3,59361,109255,9
2024-09-30,2,55873,73055,9
2024-10-01,1,20294,30399,10
2024-10-02,6,371278,140824,10
2024-10-03,3,20294,161371,10
2024-10-04,4,130396,21409,10
2024-10-05,5,91417,141089,10
2024-10-06,0,0,0,10
2024-10-07,4,40589,133998,10
2024-10-08,1,0,20811,10
2024-10-09,6,243217,191713,10
2024-10-10,3,40589,131614,10
2024-10-11,4,40589,150765,10
2024-10-12,2,56738,30399,10
2024-10-13,4,173460,30399,10
2024-10-14,5,88364,206569,10
2024-10-15,4,182615,70680,10
2024-10-16,3,98916,107732,10
2024-10-17,3,132135,30399,10
2024-10-18,7,206608,124911,10
2024-10-19,4,98488,165099,10
2024-10-20,5,60884,197045,10
2024-10-21,2,40589,60799,10
2024-10-22,3,60884,91199,10
2024-10-23,0,0,0,10
2024-10-24,0,0,0,10
2024-10-25,7,146402,91578,10
2024-10-26,1,20294,30399,10
2024-10-27,6,157171,151999,10
2024-10-28,3,20294,146802,10
2024-10-29,2,74568,30399,10
2024-10-30,4,133276,83731,10
2024-10-31,4,226034,103582,10
2024-11-01,3,131754,72866,11
2024-11-02,3,94243,58461,11
2024-11-03,4,83811,101927,11
2024-11-04,5,227995,30399,11
2024-11-05,4,135831,91199,11
2024-11-06,1,72865,0,11
2024-11-07,3,191214,0,11
2024-11-08,1,20294,30399,11
2024-11-09,1,20294,30399,11
2024-11-10,2,120912,0,11
2024-11-11,2,51436,30399,11
2024-11-12,4,53996,64766,11
2024-11-13,4,169304,128443,11
2024-11-14,2,60740,51160,11
2024-11-15,1,20294,30399,11
2024-11-16,3,60884,91199,11
2024-11-17,2,0,121703,11
2024-11-18,3,41141,60799,11
2024-11-19,0,0,0,11
2024-11-20,0,0,0,11
2024-11-21,0,0,0,11
2024-11-22,2,20294,89347,11
2024-11-23,3,40589,113816,11
2024-11-24,2,20294,85124,11
2024-11-25,4,81179,121599,11
2024-11-26,3,79203,0,11
2024-11-27,5,81802,114003,11
2024-11-28,2,106958,0,11
2024-11-29,2,20294,54404,11
2024-11-30,3,45085,83619,11
2024-12-01,3,35160,107975,12
2024-12-02,4,84323,133076,12
2024-12-03,1,0,18715,12
2024-12-04,2,27513,30399,12
2024-12-05,4,40589,142458,12
2024-12-06,3,103060,30399,12
2024-12-07,3,53498,229194,12
2024-12-08,2,38445,71051,12
2024-12-09,2,40355,0,12
2024-12-10,2,66403,30399,12
2024-12-11,3,112276,0,12
2024-12-12,5,93585,115432,12
2024-12-13,0,0,0,12
2024-12-14,1,0,38009,12
2024-12-15,2,48299,70882,12
2024-12-16,3,256151,30399,12
2024-12-17,3,0,38556,12
2024-12-18,1,40866,0,12
2024-12-19,4,60661,146749,12
2024-12-20,1,82928,0,12
2024-12-21,2,40589,60799,12
2024-12-22,6,98656,196639,12
2024-12-23,0,0,0,12
2024-12-24,4,4872,132567,12
2024-12-25,4,119531,93158,12
2024-12-26,2,677,70882,12
2024-12-27,5,55325,190448,12
2024-12-28,4,168109,73480,12
2024-12-29,2,20294,104868,12
2024-12-30,2,0,149212,12
2024-12-31,3,62966,108976,12
2025-01-01,4,25343,168084,1
2025-01-02,6,178169,133233,1
2025-01-03,3,134570,30399,1
2025-01-04,2,33305,25810,1
2025-01-05,2,48154,62623,1
2025-01-06,1,76783,0,1
2025-01-07,0,0,0,1
2025-01-08,5,60884,105887,1
2025-01-09,3,118527,30399,1
2025-01-10,4,89952,79584,1
2025-01-11,3,93987,30399,1
2025-01-12,1,0,60884,1
2025-01-13,3,106182,30399,1
2025-01-14,4,20294,222865,1
2025-01-15,1,44154,0,1
2025-01-16,3,40589,80385,1
2025-01-17,3,40589,132874,1
2025-01-18,3,20294,111279,1
2025-01-19,3,20294,148232,1
2025-01-20,3,110915,0,1
2025-01-21,1,2298,0,1
2025-01-22,2,110035,0,1
2025-01-23,2,20294,103565,1
2025-01-24,4,60884,169477,1
2025-01-25,0,0,0,1
2025-01-26,2,79447,72713,1
2025-01-27,4,98989,105497,1
2025-01-28,3,40589,93999,1
2025-01-29,3,59213,89475,1
2025-01-30,3,78627,114177,1
2025-01-31,2,104264,0,1
2025-02-01,3,20294,91253,2
2025-02-02,2,0,125841,2
2025-02-03,3,406,158283,2
2025-02-04,1,0,0,2
2025-02-05,4,43817,90988,2
2025-02-06,2,0,150843,2
2025-02-07,1,0,58972,2
2025-02-08,1,0,54531,2
2025-02-09,2,54897,30399,2
2025-02-10,2,28511,72713,2
2025-02-11,4,127360,109296,2
2025-02-12,8,99532,375842,2
2025-02-13,3,119167,60799,2
2025-02-14,3,0,182654,2
2025-02-15,0,0,0,2
2025-02-16,1,0,29651,2
2025-02-17,2,37283,58752,2
2025-02-18,4,20294,391744,2
2025-02-19,1,78639,0,2
2025-02-20,3,79288,114786,2
2025-02-21,3,20294,182554,2
2025-02-22,3,95668,85682,2
2025-02-23,5,270232,94523,2
2025-02-24,4,40589,154299,2
2025-02-25,1,690,0,2
2025-02-26,2,147623,2097,2
2025-02-27,3,40589,115219,2
2025-02-28,2,50951,30399,2
2025-03-01,1,0,22068,3
2025-03-02,3,40728,60799,3
2025-03-03,4,27608,110411,3
2025-03-04,1,0,30247,3
2025-03-05,2,20985,30399,3
2025-03-06,2,40589,60799,3
2025-03-07,1,0,54207,3
2025-03-08,2,20294,109289,3
2025-03-09,1,78953,0,3
2025-03-10,3,92453,77604,3
2025-03-11,1,0,15629,3
2025-03-12,3,20294,90984,3
2025-03-13,4,20991,126822,3
2025-03-14,3,22037,86045,3
2025-03-15,1,20294,30399,3
2025-03-16,4,32419,124584,3
2025-03-17,2,0,56073,3
2025-03-18,4,60884,96776,3
2025-03-19,3,40589,133971,3
2025-03-20,2,99042,30399,3
2025-03-21,2,40589,60799,3
2025-03-22,5,169717,91199,3
2025-03-23,2,20294,38735,3
2025-03-24,2,0,1381,3
2025-03-25,10,469932,238636,3
2025-03-26,2,0,112416,3
2025-03-27,8,193109,281075,3
2025-03-28,5,20294,242838,3
2025-03-29,6,79936,360739,3
2025-03-30,1,37419,0,3
2025-03-31,5,20294,271036,3
2025-04-01,2,0,112581,4
2025-04-02,3,59758,70637,4
2025-04-03,4,113139,24341,4
2025-04-04,1,20294,30399,4
2025-04-05,1,0,54452,4
2025-04-06,3,45555,106626,4
2025-04-07,2,74421,30399,4
2025-04-08,5,93713,169918,4
2025-04-09,5,139593,145440,4
2025-04-10,3,60884,91199,4
2025-04-11,2,40589,60799,4
2025-04-12,2,21722,30399,4
2025-04-13,7,146897,166476,4
2025-04-14,4,81179,121599,4
2025-04-15,3,88894,34375,4
2025-04-16,3,42625,30399,4
2025-04-17,1,2091,0,4
2025-04-18,4,60884,164365,4
2025-04-19,2,20294,86093,4
2025-04-20,1,20294,30399,4
2025-04-21,4,40589,110419,4
2025-04-22,4,251899,30399,4
2025-04-23,1,20294,30399,4
2025-04-24,4,40589,194077,4
2025-04-25,2,20294,30608,4
2025-04-26,2,20294,101282,4
2025-04-27,1,0,77805,4
2025-04-28,3,37746,0,4
2025-04-29,1,696,0,4
2025-04-30,2,20294,106615,4
2025-05-01,4,40589,194620,5
2025-05-02,2,40589,60799,5
2025-05-03,1,0,60721,5
2025-05-04,1,0,68997,5
2025-05-05,4,20311,96270,5
2025-05-06,3,40952,31680,5
2025-05-07,3,40589,91888,5
2025-05-08,3,130771,2091,5
2025-05-09,4,40171,135200,5
2025-05-10,2,20294,88914,5
2025-05-11,4,44282,137573,5
2025-05-12,3,51566,102497,5
2025-05-13,2,20294,92336,5
2025-05-14,2,40589,60799,5
2025-05-15,2,83931,68997,5
2025-05-16,5,150437,120306,5
2025-05-17,3,92834,28674,5
2025-05-18,1,79101,0,5
2025-05-19,5,46598,122491,5
2025-05-20,1,0,76773,5
2025-05-21,4,111586,161531,5
2025-05-22,4,111010,84991,5
2025-05-23,4,39817,94700,5
2025-05-24,2,20294,103113,5
2025-05-25,2,20294,100082,5
2025-05-26,4,90910,74083,5
2025-05-27,4,54941,60799,5
2025-05-28,2,20294,62099,5
2025-05-29,1,20294,30399,5
2025-05-30,2,20294,107173,5
2025-05-31,1,31138,0,5
2025-06-01,3,23919,31359,6
2025-06-02,3,78457,149270,6
2025-06-03,0,0,0,6
2025-06-04,4,26165,23959,6
2025-06-05,2,20294,106298,6
2025-06-06,3,40589,93168,6
2025-06-07,4,112241,91199,6
2025-06-08,5,20294,211194,6
2025-06-09,2,24332,30399,6
2025-06-10,2,36633,0,6
2025-06-11,5,61176,55657,6
2025-06-12,2,40589,60799,6
2025-06-13,5,141031,160882,6
2025-06-14,4,123693,60799,6
2025-06-15,4,20963,80454,6
2025-06-16,2,147301,0,6
2025-06-17,2,80224,52295,6
2025-06-18,4,68513,131614,6
2025-06-19,1,0,22199,6
2025-06-20,2,20294,30748,6
2025-06-21,1,0,76773,6
2025-06-22,3,118608,60799,6
2025-06-23,3,99155,103571,6
2025-06-24,4,150417,100082,6
2025-06-25,6,134891,60799,6
2025-06-26,5,193781,60799,6
2025-06-27,4,131327,78058,6
2025-06-28,0,0,0,6
2025-06-29,1,74300,0,6
2025-06-30,3,132461,76773,6
2025-07-01,3,27478,79323,7
2025-07-02,5,117052,135122,7
2025-07-03,3,40589,92713,7
2025-07-04,3,114851,85246,7
2025-07-05,3,71584,60799,7
2025-07-06,1,19876,28256,7
2025-07-07,4,97942,60799,7
2025-07-08,1,20294,30399,7
2025-07-09,6,86432,201712,7
2025-07-10,1,20294,30399,7
2025-07-11,2,8090,75965,7
2025-07-12,6,132546,213846,7
2025-07-13,2,100672,30399,7
2025-07-14,2,20294,62768,7
2025-07-15,3,99193,103571,7
2025-07-16,2,99220,30399,7
2025-07-17,1,79669,0,7
2025-07-18,1,79274,0,7
2025-07-19,2,20294,41497,7
2025-07-20,4,179482,30399,7
2025-07-21,2,21663,30399,7
2025-07-22,2,20294,83006,7
2025-07-23,1,20294,30399,7
2025-07-24,2,60294,30399,7
2025-07-25,3,40589,133855,7
2025-07-26,1,79247,0,7
2025-07-27,5,81179,194771,7
2025-07-28,2,99590,30399,7
2025-07-29,2,0,146454,7
2025-07-30,1,20294,30399,7
2025-07-31,0,0,0,7
2025-08-01,3,40589,60918,8
2025-08-02,0,0,0,8
2025-08-03,2,5844,23361,8
2025-08-04,1,20294,30399,8
2025-08-05,2,40589,60799,8
2025-08-06,1,20294,30399,8
2025-08-07,1,19395,0,8
2025-08-08,3,42016,60799,8
2025-08-09,1,20294,30399,8
2025-08-10,0,0,0,8
2025-08-11,2,40589,60799,8
2025-08-12,2,40589,60799,8
2025-08-13,0,0,0,8
2025-08-14,1,1392,0,8
2025-08-15,1,0,9992,8
2025-08-16,3,40589,60799,8
2025-08-17,1,86617,0,8
2025-08-18,4,40589,213560,8
2025-08-19,1,0,70367,8
2025-08-20,2,20294,109155,8
2025-08-21,2,4183,52778,8
2025-08-22,1,0,75669,8
2025-08-23,3,115858,60799,8
2025-08-24,1,20294,30399,8
2025-08-25,4,0,133916,8
2025-08-26,0,0,0,8
2025-08-27,3,144328,73171,8
2025-08-28,1,20294,30399,8
2025-08-29,3,0,126759,8
2025-08-30,1,0,36777,8
2025-08-31,2,85563,79588,8
2025-09-01,2,20294,100546,9
2025-09-02,1,58785,0,9
2025-09-03,1,20294,30399,9
2025-09-04,4,201235,25551,9
2025-09-05,2,40589,60799,9
2025-09-06,0,0,0,9
2025-09-07,1,14294,0,9
2025-09-08,4,174490,85878,9
2025-09-09,2,33177,73171,9
2025-09-10,4,64398,91199,9
2025-09-11,4,143638,105576,9
2025-09-12,4,60884,91473,9
2025-09-13,0,0,0,9
2025-09-14,4,40589,169722,9
2025-09-15,0,0,0,9
2025-09-16,3,121462,0,9
2025-09-17,3,20294,54010,9
2025-09-18,4,40589,67056,9
2025-09-19,4,73527,99631,9
2025-09-20,2,20294,103571,9
2025-09-21,2,40589,60799,9
2025-09-22,0,0,0,9
2025-09-23,4,40171,59919,9
2025-09-24,5,69650,131166,9
2025-09-25,1,0,60910,9
2025-09-26,1,20294,30399,9
2025-09-27,2,70046,30399,9
2025-09-28,1,20294,30399,9
2025-09-29,5,40589,173061,9
2025-09-30,3,118669,60799,9
2025-10-01,4,40347,114260,10
2025-10-02,0,0,0,10
2025-10-03,0,0,0,10
2025-10-04,6,83477,181590,10
2025-10-05,4,20294,259947,10
2025-10-06,0,0,0,10
2025-10-07,3,40589,137402,10
2025-10-08,2,20294,86045,10
2025-10-09,4,132231,0,10
2025-10-10,1,20294,30399,10
2025-10-11,3,60884,91199,10
2025-10-12,2,79781,0,10
2025-10-13,2,73460,30399,10
2025-10-14,2,97550,30399,10
2025-10-15,3,684,51342,10
2025-10-16,3,33845,26012,10
2025-10-17,0,0,0,10
2025-10-18,0,0,0,10
2025-10-19,2,20294,62349,10
2025-10-20,3,197517,58656,10
2025-10-21,0,0,0,10
2025-10-22,3,40589,93168,10
2025-10-23,3,97557,30399,10
2025-10-24,1,0,16610,10
2025-10-25,4,78297,1255,10
2025-10-26,3,40171,83755,10
2025-10-27,1,20294,30399,10
2025-10-28,0,0,0,10
2025-10-29,3,104183,102137,10
2025-10-30,0,0,0,10
2025-10-31,2,40171,58656,10
2025-11-01,3,40589,60799,11
2025-11-02,0,0,0,11
2025-11-03,2,40589,60799,11
2025-11-04,0,0,0,11
2025-11-05,1,1381,0,11
2025-11-06,3,40589,133971,11
2025-11-07,3,95898,60528,11
2025-11-08,3,23288,43252,11
2025-11-09,0,0,0,11
2025-11-10,3,218935,100766,11
2025-11-11,1,18746,0,11
2025-11-12,3,40171,118459,11
2025-11-13,1,20294,30399,11
2025-11-14,2,87262,12319,11
2025-11-15,4,77269,60799,11
2025-11-16,2,20294,91323,11
2025-11-17,4,60884,99699,11
2025-11-18,1,76334,0,11
2025-11-19,2,78121,52845,11
2025-11-20,1,0,52793,11
2025-11-21,3,40589,60799,11
2025-11-22,3,83837,64969,11
2025-11-23,2,80621,30399,11
2025-11-24,3,1254,113502,11
2025-11-25,0,0,0,11
2025-11-26,3,60466,89056,11
2025-11-27,3,118280,60799,11
2025-11-28,1,51128,0,11
2025-11-29,3,60466,89056,11
2025-11-30,1,0,60859,11
2025-12-01,4,135157,99993,12
2025-12-02,1,13614,0,12
2025-12-03,4,113886,10669,12
2025-12-04,3,47452,58656,12
2025-12-05,1,82126,0,12
2025-12-06,3,8037,58883,12
2025-12-07,2,91201,0,12
2025-12-08,1,0,73171,12
2025-12-09,0,0,0,12
2025-12-10,0,0,0,12
2025-12-11,0,0,0,12
2025-12-12,0,0,0,12
2025-12-13,1,1370,0,12
2025-12-14,2,0,48438,12
2025-12-15,2,19876,101428,12
2025-12-16,2,100222,30399,12
2025-12-17,0,0,0,12
2025-12-18,1,0,33440,12
2025-12-19,3,40589,61913,12
2025-12-20,1,20294,30399,12
2025-12-21,2,20294,84924,12
2025-12-22,1,20294,30399,12
2025-12-23,4,20294,96548,12
2025-12-24,3,76690,47017,12
2025-12-25,1,0,69682,12
2025-12-26,2,0,81284,12
2025-12-27,1,0,35040,12
2025-12-28,4,70469,89056,12
2025-12-29,2,81157,30399,12
2025-12-30,3,20851,91132,12
2025-12-31,1,20294,30399,12
2026-01-01,1,35582,0,1
2026-01-02,3,195099,60799,1
2026-01-03,3,113225,60799,1
2026-01-04,1,20294,30399,1
2026-01-05,5,51360,103571,1
2026-01-06,1,0,27308,1
2026-01-07,1,0,54462,1
2026-01-08,2,40171,58656,1
2026-01-09,0,0,0,1
2026-01-10,1,28773,0,1
2026-01-11,3,22366,31084,1
2026-01-12,2,40589,60799,1
2026-01-13,2,348,690,1
2026-01-14,2,104183,30399,1
2026-01-15,2,40589,60799,1
2026-01-16,1,64708,0,1
2026-01-17,3,40589,122130,1
2026-01-18,1,0,5074,1
2026-01-19,4,94693,89130,1
2026-01-20,2,20294,30575,1
2026-01-21,3,40589,131166,1
2026-01-22,2,78672,0,1
2026-01-23,4,97066,162307,1
2026-01-24,2,79115,0,1
2026-01-25,2,0,121760,1
2026-01-26,6,27021,197562,1
2026-01-27,2,40589,60799,1
2026-01-28,1,20294,30399,1
2026-01-29,2,1617,11677,1
2026-01-30,4,152430,37365,1
2026-01-31,3,20294,117300,1
2026-02-01,1,0,73171,2
2026-02-02,2,0,81886,2
2026-02-03,2,20294,97671,2
2026-02-04,1,19876,28256,2
2026-02-05,2,81154,30399,2
2026-02-06,2,0,18884,2
2026-02-07,0,0,0,2
2026-02-08,2,138246,0,2
2026-02-09,0,0,0,2
2026-02-10,1,81846,0,2
2026-02-11,2,15869,70367,2
2026-02-12,4,40589,159289,2
2026-02-13,1,0,77660,2
2026-02-14,4,78961,118835,2
2026-02-15,1,0,12375,2
2026-02-16,2,45687,30399,2
2026-02-17,0,0,0,2
2026-02-18,4,151873,58656,2
2026-02-19,2,74586,73171,2
2026-02-20,2,62471,69682,2
2026-02-21,0,0,0,2
2026-02-22,4,20294,178501,2
2026-02-23,0,0,0,2
2026-02-24,1,20294,30399,2
2026-02-25,3,78576,59565,2
2026-02-26,1,20294,30399,2
2026-02-27,4,42110,131879,2
2026-02-28,5,175700,169926,2
2026-03-01,1,78558,0,3
2026-03-02,5,214797,30399,3
2026-03-03,2,0,149927,3
2026-03-04,2,40171,58656,3
2026-03-05,3,20294,115429,3
2026-03-06,1,0,71766,3
2026-03-07,4,222864,103571,3
2026-03-08,2,0,146006,3
2026-03-09,1,20294,30399,3
2026-03-10,3,40589,113322,3
2026-03-11,1,0,0,3
2026-03-12,5,98354,206221,3
2026-03-13,3,40171,83460,3
2026-03-14,3,21271,93233,3
2026-03-15,2,59575,73171,3
2026-03-16,0,0,0,3
2026-03-17,6,63942,177929,3
2026-03-18,3,20294,107144,3
2026-03-19,0,0,0,3
2026-03-20,1,75379,0,3
2026-03-21,4,124659,79778,3
2026-03-22,1,9876,0,3
2026-03-23,1,157198,0,3
2026-03-24,3,52259,60799,3
2026-03-25,3,21762,30399,3
2026-03-26,2,30187,6669,3
2026-03-27,2,20294,30399,3
2026-03-28,6,9034,283818,3
2026-03-29,2,19876,45202,3
2026-03-30,0,0,0,3
2026-03-31,2,20294,91022,3
2026-04-01,1,690,0,4
2026-04-02,1,0,69682,4
2026-04-03,3,40589,138099,4
2026-04-04,3,0,238740,4
2026-04-05,0,0,0,4
2026-04-06,1,0,83890,4
2026-04-07,2,79295,0,4
2026-04-08,3,40589,119163,4
2026-04-09,3,100717,31305,4
2026-04-10,4,78918,132752,4
2026-04-11,4,160853,87919,4
2026-04-12,3,20294,176711,4
2026-04-13,2,60370,30399,4
2026-04-14,1,0,77947,4
2026-04-15,0,0,0,4
2026-04-16,2,0,44223,4
2026-04-17,2,20294,114290,4
2026-04-18,2,107225,0,4
2026-04-19,4,177598,100766,4
2026-04-20,0,0,0,4
2026-04-21,2,25369,30399,4
2026-04-22,5,1356,263934,4
2026-04-23,3,132461,30399,4
2026-04-24,5,25913,263607,4
2026-04-25,3,121323,79573,4
2026-04-26,0,0,0,4
2026-04-27,12,210146,549664,4
2026-04-28,3,78802,92270,4
2026-04-29,5,97155,102350,4
2026-04-30,3,157312,124087,4
2026-05-01,4,0,239590,5
2026-05-02,4,95157,139779,5
2026-05-03,3,79199,146745,5
2026-05-04,5,127930,149019,5
2026-05-05,6,140066,165789,5
2026-05-06,3,0,103416,5
2026-05-07,7,110887,318415,5
2026-05-08,5,114607,205801,5
2026-05-09,4,71660,200254,5
2026-05-10,9,159109,450025,5
2026-05-11,1,0,69682,5
2026-05-12,4,99178,164725,5
2026-05-13,4,78614,145072,5
2026-05-14,3,76537,79087,5
2026-05-15,6,69084,214446,5
2026-05-16,6,129701,159618,5
2026-05-17,8,188496,199631,5
2026-05-18,6,152519,135770,5
2026-05-19,3,50059,80678,5
2026-05-20,5,153818,215746,5
2026-05-21,4,79187,206425,5
2026-05-22,1,0,79588,5
2026-05-23,6,241691,62500,5
2026-05-24,5,16401,236664,5
2026-05-25,6,81202,263767,5
2026-05-26,5,117766,198770,5
2026-05-27,2,25387,5454,5
2026-05-28,7,195933,263642,5
2026-05-29,4,100529,109321,5
2026-05-30,5,0,311483,5
2026-05-31,6,220374,30399,5
2026-06-01,4,0,283749,6
2026-06-02,1,0,73171,6
2026-06-03,4,188832,125346,6
2026-06-04,1,0,73951,6
2026-06-05,5,0,277807,6
2026-06-06,5,45951,110291,6
2026-06-07,8,87063,308079,6
2026-06-08,2,0,127272,6
2026-06-09,5,0,287548,6
2026-06-10,7,61426,316151,6
2026-06-11,2,79447,73171,6
2026-06-12,8,183664,341089,6
2026-06-13,2,98464,32131,6
2026-06-14,2,102530,78869,6
2026-06-15,3,20294,176056,6
2026-06-16,6,259463,207506,6
2026-06-17,5,77717,328282,6
2026-06-18,2,0,139467,6
2026-06-19,7,136715,287009,6
2026-06-20,6,4079,291346,6
2026-06-21,2,42033,52693,6
2026-06-22,5,199944,103540,6
2026-06-23,3,25908,134536,6
2026-06-24,6,78427,254675,6
2026-06-25,4,88378,132140,6
2026-06-26,6,158732,138870,6
2026-06-27,5,153693,179821,6
2026-06-28,7,186725,210876,6
2026-06-29,3,0,251811,6
2026-06-30,5,2998,166633,6
2026-07-01,4,142724,78134,7
2026-07-02,4,128910,132381,7
2026-07-03,6,81441,278456,7
2026-07-04,4,132767,60799,7
2026-07-05,0,0,0,7
2026-07-06,0,0,0,7
2026-07-07,10,203908,357114,7
2026-07-08,7,120900,270731,7
2026-07-09,3,0,181175,7
2026-07-10,9,189415,267426,7
2026-07-11,7,178398,367173,7
2026-07-12,3,0,169307,7
2026-07-13,6,134679,102655,7
2026-07-14,1,0,60070,7
2026-07-15,3,78898,127202,7
2026-07-16,6,179350,164298,7
2026-07-17,4,75628,150008,7
2026-07-18,6,121006,272161,7
2026-07-19,5,85541,224828,7
2026-07-20,8,133006,346806,7
2026-07-21,2,78817,61912,7
2026-07-22,6,128436,102017,7
2026-07-23,3,0,193514,7
2026-07-24,3,94319,57929,7
2026-07-25,8,83375,309615,7
2026-07-26,4,37510,90895,7
2026-07-27,5,0,252210,7
2026-07-28,4,159410,61165,7
2026-07-29,5,49771,188689,7
2026-07-30,4,19876,181458,7
2026-07-31,4,42642,132305,7
2026-08-01,4,100124,137245,8
2026-08-02,5,154435,97188,8
2026-08-03,5,58935,230945,8
2026-08-04,6,226100,133230,8
2026-08-05,4,146925,112559,8
2026-08-06,5,91862,150214,8
2026-08-07,6,53790,213524,8
2026-08-08,3,21313,72507,8
2026-08-09,6,82551,228582,8
2026-08-10,5,160054,170421,8
2026-08-11,3,95515,81905,8
2026-08-12,3,0,124926,8
2026-08-13,6,112766,217512,8
2026-08-14,4,53396,193977,8
2026-08-15,2,38109,78831,8
2026-08-16,7,87275,345616,8
2026-08-17,1,78847,0,8
2026-08-18,2,77580,60895,8
2026-08-19,4,55659,186676,8
2026-08-20,6,135326,142935,8
2026-08-21,2,78147,78847,8
2026-08-22,5,138330,163474,8
2026-08-23,2,0,121356,8
2026-08-24,2,0,110123,8
2026-08-25,3,72436,55024,8
2026-08-26,7,23288,337972,8
2026-08-27,4,31151,363007,8
2026-08-28,2,0,125915,8
2026-08-29,2,43209,78722,8
2026-08-30,2,47027,42022,8
2026-08-31,5,22304,181814,8
2026-09-01,5,110269,166655,9
2026-09-02,4,158223,137455,9
2026-09-03,4,71718,103973,9
2026-09-04,4,78694,123066,9
2026-09-05,4,71405,114044,9
2026-09-06,4,99159,178360,9
2026-09-07,3,0,193945,9
2026-09-08,5,95025,146006,9
2026-09-09,4,130045,108977,9
2026-09-10,6,113314,240580,9
2026-09-11,2,20294,103540,9
2026-09-12,4,41472,192987,9
2026-09-13,3,93960,100082,9
2026-09-14,9,199775,266856,9
2026-09-15,7,132707,311554,9
2026-09-16,4,0,210043,9
2026-09-17,5,77977,141076,9
2026-09-18,4,0,241737,9
